D,-0.15000,2.910000e-09
D,-0.14000,2.570000e-09
D,-0.13000,2.294000e-09
D,-0.12000,2.064000e-09
D,-0.11000,1.874000e-09
D,-0.10000,1.714000e-09
D,-0.09000,1.576000e-09
D,-0.08000,1.460000e-09
D,-0.07000,1.358000e-09
D,-0.06000,1.270000e-09
D,-0.05000,1.194000e-09
D,-0.04000,1.128000e-09
D,-0.03000,1.068000e-09
D,-0.02000,1.014000e-09
D,-0.01000,9.680000e-10
D,0.00000,9.260000e-10
D,0.01000,8.880000e-10
D,0.02000,8.540000e-10
D,0.03000,8.220000e-10
D,0.04000,7.940000e-10
D,0.05000,7.680000e-10
D,0.06000,7.440000e-10
D,0.07000,7.220000e-10
D,0.08000,7.020000e-10
D,0.09000,6.820000e-10
D,0.10000,6.640000e-10
D,0.11000,6.480000e-10
D,0.12000,6.320000e-10
D,0.13000,6.180000e-10
D,0.14000,6.040000e-10
D,0.15000,5.900000e-10
D,0.16000,5.780000e-10
D,0.17000,5.660000e-10
D,0.18000,5.540000e-10
D,0.19000,5.440000e-10
D,0.20000,5.320000e-10
D,0.21000,5.220000e-10
D,0.22000,5.100000e-10
W,-1.000000e-09,-0.000000e+00
W,-9.800000e-10,-0.000000e+00
W,-9.600000e-10,-0.000000e+00
W,-9.400000e-10,-0.000000e+00
W,-9.200000e-10,-0.000000e+00
W,-9.000000e-10,-0.000000e+00
W,-8.800000e-10,-0.000000e+00
W,-8.600000e-10,-0.000000e+00
W,-8.400000e-10,-0.000000e+00
W,-8.200000e-10,-0.000000e+00
W,-8.000000e-10,-0.000000e+00
W,-7.800000e-10,-0.000000e+00
W,-7.600000e-10,-0.000000e+00
W,-7.400000e-10,-0.000000e+00
W,-7.200000e-10,-0.000000e+00
W,-7.000000e-10,-0.000000e+00
W,-6.800000e-10,-0.000000e+00
W,-6.600000e-10,-0.000000e+00
W,-6.400000e-10,-0.000000e+00
W,-6.200000e-10,-0.000000e+00
W,-6.000000e-10,-0.000000e+00
W,-5.800000e-10,-0.000000e+00
W,-5.600000e-10,-0.000000e+00
W,-5.400000e-10,-0.000000e+00
W,-5.200000e-10,-0.000000e+00
W,-5.000000e-10,-0.000000e+00
W,-4.800000e-10,-0.000000e+00
W,-4.600000e-10,-0.000000e+00
W,-4.400000e-10,-0.000000e+00
W,-4.200000e-10,-0.000000e+00
W,-4.000000e-10,-0.000000e+00
W,-3.800000e-10,-0.000000e+00
W,-3.600000e-10,-0.000000e+00
W,-3.400000e-10,-0.000000e+00
W,-3.200000e-10,-0.000000e+00
W,-3.000000e-10,-0.000000e+00
W,-2.800000e-10,-0.000000e+00
W,-2.600000e-10,-0.000000e+00
W,-2.400000e-10,-0.000000e+00
W,-2.200000e-10,-0.000000e+00
W,-2.000000e-10,-0.000000e+00
W,-1.800000e-10,-0.000000e+00
W,-1.600000e-10,-0.000000e+00
W,-1.400000e-10,-0.000000e+00
W,-1.200000e-10,-0.000000e+00
W,-1.000000e-10,-0.000000e+00
W,-8.000000e-11,-0.000000e+00
W,-6.000000e-11,-0.000000e+00
W,-4.000000e-11,-0.000000e+00
W,-2.000000e-11,-0.000000e+00
W,-3.515518e-24,-0.000000e+00
W,2.000000e-11,-0.000000e+00
W,4.000000e-11,-0.000000e+00
W,6.000000e-11,-0.000000e+00
W,8.000000e-11,4.487392e-07
W,1.000000e-10,1.794957e-06
W,1.200000e-10,6.731088e-06
W,1.400000e-10,2.512939e-05
W,1.600000e-10,9.288901e-05
W,1.800000e-10,1.435517e-03
W,2.000000e-10,3.274001e-03
W,2.200000e-10,4.534509e-03
W,2.400000e-10,5.326534e-03
W,2.600000e-10,5.777068e-03
W,2.800000e-10,7.856077e-03
W,3.000000e-10,1.022093e-02
W,3.200000e-10,1.279849e-02
W,3.400000e-10,1.552323e-02
W,3.600000e-10,1.834177e-02
W,3.800000e-10,2.120203e-02
W,4.000000e-10,2.417807e-02
W,4.200000e-10,2.716577e-02
W,4.400000e-10,3.012296e-02
W,4.600000e-10,3.299400e-02
W,4.800000e-10,3.553072e-02
W,5.000000e-10,3.710804e-02
W,5.200000e-10,3.766313e-02
W,5.400000e-10,3.786775e-02
W,5.600000e-10,3.798218e-02
W,5.800000e-10,3.806699e-02
W,6.000000e-10,3.814328e-02
W,6.200000e-10,3.821642e-02
W,6.400000e-10,3.828822e-02
W,6.600000e-10,3.835912e-02
W,6.800000e-10,3.842913e-02
W,7.000000e-10,3.849823e-02
W,7.200000e-10,3.856599e-02
W,7.400000e-10,3.863061e-02
W,7.600000e-10,3.868939e-02
W,7.800000e-10,3.872978e-02
W,8.000000e-10,3.870600e-02
W,8.200000e-10,3.845605e-02
W,8.400000e-10,3.739747e-02
W,8.600000e-10,3.351319e-02
W,8.800000e-10,2.086817e-02
W,9.000000e-10,1.412182e-03
W,9.200000e-10,-0.000000e+00
W,9.400000e-10,-0.000000e+00
W,9.600000e-10,-0.000000e+00
W,9.800000e-10,-0.000000e+00
W,1.000000e-09,-0.000000e+00
W,1.020000e-09,-0.000000e+00
W,1.040000e-09,-0.000000e+00
W,1.060000e-09,-0.000000e+00
W,1.080000e-09,-0.000000e+00
W,1.100000e-09,-0.000000e+00
W,1.120000e-09,-0.000000e+00
W,1.140000e-09,-0.000000e+00
W,1.160000e-09,-0.000000e+00
W,1.180000e-09,-0.000000e+00
W,1.200000e-09,-0.000000e+00
W,1.220000e-09,-0.000000e+00
W,1.240000e-09,-0.000000e+00
W,1.260000e-09,-0.000000e+00
W,1.280000e-09,-0.000000e+00
W,1.300000e-09,-0.000000e+00
W,1.320000e-09,-0.000000e+00
W,1.340000e-09,-0.000000e+00
W,1.360000e-09,-0.000000e+00
W,1.380000e-09,-0.000000e+00
W,1.400000e-09,-0.000000e+00
W,1.420000e-09,-0.000000e+00
W,1.440000e-09,-0.000000e+00
W,1.460000e-09,-0.000000e+00
W,1.480000e-09,-0.000000e+00
W,1.500000e-09,-0.000000e+00
W,1.520000e-09,-0.000000e+00
W,1.540000e-09,-0.000000e+00
W,1.560000e-09,-0.000000e+00
W,1.580000e-09,-0.000000e+00
W,1.600000e-09,-0.000000e+00
W,1.620000e-09,-0.000000e+00
W,1.640000e-09,-0.000000e+00
W,1.660000e-09,-0.000000e+00
W,1.680000e-09,-0.000000e+00
W,1.700000e-09,-0.000000e+00
W,1.720000e-09,-0.000000e+00
W,1.740000e-09,-0.000000e+00
W,1.760000e-09,-0.000000e+00
W,1.780000e-09,-0.000000e+00
W,1.800000e-09,-0.000000e+00
W,1.820000e-09,-0.000000e+00
W,1.840000e-09,-0.000000e+00
W,1.860000e-09,-0.000000e+00
W,1.880000e-09,-0.000000e+00
W,1.900000e-09,-0.000000e+00
W,1.920000e-09,-0.000000e+00
W,1.940000e-09,-0.000000e+00
W,1.960000e-09,-0.000000e+00
W,1.980000e-09,-0.000000e+00
W,2.000000e-09,-0.000000e+00
