file,label,source_url,identifier,licence,era,duration_s,notes
ClassicT1948.wav,advert,https://archive.org/details/ClassicT1948,ClassicT1948,Public Domain (Prelinger),1948,535.98,"Compilation 'Classic Television Commercials (Part I)'; multiple distinct commercials back-to-back, not individually time-labelled"
ClassicT1948_2.wav,advert,https://archive.org/details/ClassicT1948_2,ClassicT1948_2,Public Domain (Prelinger),1948,714.50,Compilation 'Classic Television Commercials (Part II)'; multiple distinct commercials back-to-back
ClassicT1948_3.wav,advert,https://archive.org/details/ClassicT1948_3,ClassicT1948_3,Public Domain (Prelinger),1948,557.14,Compilation 'Classic Television Commercials (Part III)'; multiple distinct commercials back-to-back
LuckyStr1948.wav,advert,https://archive.org/details/LuckyStr1948,LuckyStr1948,Public Domain (Prelinger),1948,60.79,Single commercial: Lucky Strike 'Marching Cigarettes'
LuckyStr1948_2.wav,advert,https://archive.org/details/LuckyStr1948_2,LuckyStr1948_2,Public Domain (Prelinger),1948,57.60,Single commercial: Lucky Strike 'Square Dance'
Cheerios1960.wav,advert,https://archive.org/details/Cheerios1960,Cheerios1960,Public Domain (Prelinger),1960,60.55,Single commercial: Cheerios/V-8
Televisi1970.wav,advert,https://archive.org/details/Televisi1970,Televisi1970,Public Domain (Prelinger),1970,242.96,Three telephone-related commercials back-to-back
Wonderfu1960.wav,advert,https://archive.org/details/Wonderfu1960,Wonderfu1960,Public Domain (Prelinger),1960,181.47,Single commercial: Ford 'Wonderful New World of Fords'
cbs_commercials_1.wav,advert,https://archive.org/details/KCCI_CBS_1991-10-03_Daytime_TV_Commercial_Blocks,KCCI_CBS_1991-10-03_Daytime_TV_Commercial_Blocks/cbs_commercials_1,CC0 1.0,1991,95.66,"Commercial block 1 of 13 from KCCI (CBS, Des Moines) daytime broadcast, 3 Oct 1991; off-air VHS capture via vhs-decode/hifi-decode, 'Line Out (HiFi) Capture' derivative; several distinct ads back-to-back"
cbs_commercials_5.wav,advert,https://archive.org/details/KCCI_CBS_1991-10-03_Daytime_TV_Commercial_Blocks,KCCI_CBS_1991-10-03_Daytime_TV_Commercial_Blocks/cbs_commercials_5,CC0 1.0,1991,118.02,"Commercial block 5 of 13, same source"
cbs_commercials_7.wav,advert,https://archive.org/details/KCCI_CBS_1991-10-03_Daytime_TV_Commercial_Blocks,KCCI_CBS_1991-10-03_Daytime_TV_Commercial_Blocks/cbs_commercials_7,CC0 1.0,1991,99.84,"Commercial block 7 of 13, same source"
cbs_commercials_9.wav,advert,https://archive.org/details/KCCI_CBS_1991-10-03_Daytime_TV_Commercial_Blocks,KCCI_CBS_1991-10-03_Daytime_TV_Commercial_Blocks/cbs_commercials_9,CC0 1.0,1991,203.61,"Commercial block 9 of 13, same source"
cbs_commercials_13.wav,advert,https://archive.org/details/KCCI_CBS_1991-10-03_Daytime_TV_Commercial_Blocks,KCCI_CBS_1991-10-03_Daytime_TV_Commercial_Blocks/cbs_commercials_13,CC0 1.0,1991,83.58,"Commercial block 13 of 13, same source"
GoodSpor1950.wav,programme,https://archive.org/details/GoodSpor1950,GoodSpor1950,Public Domain (Prelinger),1950,569.23,"Educational/social-guidance short 'Good Sportsmanship'; not broadcast-TV per se, but non-advertising narrated PD film of matching era to the 1948-1970 PD commercials"
WhatAbou1955.wav,programme,https://archive.org/details/WhatAbou1955,WhatAbou1955,Public Domain (Prelinger),1955,686.71,Educational short 'What About Juvenile Delinquency?'
LawandSo1949.wav,programme,https://archive.org/details/LawandSo1949,LawandSo1949,Public Domain (Prelinger),1949,579.29,Educational short 'Law and Social Controls'
img-6030.wav,programme,https://archive.org/details/img-6030,img-6030,CC0 1.0,2003,38.38,"NBN News Tamworth (Australia) local news update, Feb 2003, off-air recording"
nbn2012.wav,programme,https://archive.org/details/nbn-news-newcastle-analogue-switchoff-report.-27.11.2012,nbn-news-newcastle-analogue-switchoff-report.-27.11.2012,CC0 1.0,2012,192.73,"NBN News Newcastle (Australia) report on the analogue TV switch-off, 27 Nov 2012, off-air recording"
