fix,mode,d_cm,bearing_deg,rel_deg,trend,closing_cm_per_5s,period_ms,gain_l,gain_r,held
0,nofix,,,,,,,,,
1,nofix,,,,,,,,,
2,nofix,,,,,,,,,
3,beep,46002,123.673,178.06,0,0,1539,9000,9000,0
4,beep,46157,123.691,177.54,0,0,1539,9000,9000,0
5,beep,46383,123.593,171.26,0,0,1539,9000,9000,0
6,beep,46453,123.799,177.70,0,0,1539,9000,9000,0
7,beep,46695,123.822,177.89,0,0,1539,9000,9000,0
8,beep,46722,123.723,169.17,-1,-426,1539,9000,9000,0
9,beep,47003,123.670,167.30,-1,-531,1539,9000,9000,0
10,beep,47125,123.712,171.28,-1,-584,1539,9000,9000,0
11,beep,47262,123.614,175.28,-1,-640,1539,9000,9000,0
12,beep,47476,123.791,175.76,-1,-676,1539,9000,9000,0
13,beep,47571,123.763,176.36,-1,-719,1539,9000,9000,0
14,beep,47754,123.922,180.05,-1,-727,1539,9000,9000,0
15,beep,47878,123.757,172.11,-1,-734,1539,9000,9000,0
16,beep,48002,123.854,178.40,-1,-735,1539,9000,9000,0
17,beep,48159,123.824,167.32,-1,-722,1539,9000,9000,0
18,beep,48193,123.807,173.39,-1,-697,1539,9000,9000,0
19,beep,48339,123.839,173.83,-1,-669,1539,9000,9000,0
20,beep,48401,123.850,176.14,-1,-633,1539,9000,9000,0
21,beep,48520,123.834,168.09,-1,-604,1539,9000,9000,0
22,beep,48720,123.833,167.69,-1,-594,1539,9000,9000,0
23,beep,48690,123.817,168.83,-1,-570,1539,9000,9000,0
24,beep,49073,123.816,173.37,-1,-611,1539,9000,9000,0
25,beep,49066,124.021,175.41,-1,-624,1539,9000,9000,0
26,beep,49186,124.040,178.20,-1,-635,1830,9000,9000,0
27,beep,49314,123.948,168.33,-1,-625,1830,9000,9000,0
28,beep,49395,123.944,176.34,-1,-645,1830,9000,9000,0
29,beep,49547,124.087,169.10,-1,-602,1830,9000,9000,0
30,beep,49650,123.999,179.36,-1,-598,1830,9000,9000,0
31,beep,49788,124.158,167.33,-1,-599,1830,9000,9000,0
32,beep,49819,124.162,161.75,-1,-576,1830,9000,9000,0
33,beep,49967,124.331,184.89,-1,-575,1830,9000,9000,0
34,beep,50019,124.321,175.07,-1,-549,1830,9000,9000,0
35,beep,50222,124.374,162.92,-1,-555,1830,9000,9000,0
36,beep,50337,124.480,178.95,-1,-554,1830,9000,9000,0
37,beep,50480,124.288,173.95,-1,-581,1830,9000,9000,0
38,beep,50640,124.333,169.65,-1,-604,1830,9000,9000,0
39,beep,50801,124.176,178.76,-1,-649,1830,9000,9000,0
40,beep,50940,124.286,175.99,-1,-666,1830,9000,9000,0
41,beep,51050,124.237,172.44,-1,-678,1830,9000,9000,0
42,beep,51208,124.304,164.31,-1,-690,1830,9000,9000,0
43,beep,51310,124.338,179.29,-1,-685,1830,9000,9000,0
44,beep,51411,124.441,174.65,-1,-667,1830,9000,9000,0
45,beep,51425,124.310,181.46,-1,-621,1830,9000,9000,0
46,beep,51598,124.450,173.61,-1,-603,1830,9000,9000,0
47,beep,51626,124.423,168.81,-1,-557,1830,9000,9000,0
48,beep,51668,124.358,177.67,-1,-507,1830,9000,9000,0
49,beep,51924,124.434,179.58,-1,-509,1830,9000,9000,0
50,beep,52098,124.530,179.69,-1,-550,1830,9000,9000,0
51,beep,52194,124.592,175.58,-1,-562,1830,9000,9000,0
52,beep,52314,124.580,172.04,-1,-593,1830,9000,9000,0
53,beep,52408,124.654,172.70,-1,-630,1830,9000,9000,0
54,beep,52617,124.642,169.04,-1,-646,1830,9000,9000,0
55,beep,52713,124.719,172.46,-1,-638,1830,9000,9000,0
56,beep,52726,124.646,177.54,-1,-612,1830,9000,9000,0
57,beep,52726,124.646,177.54,-1,-612,1830,9000,9000,1
58,beep,53209,124.817,179.66,-1,-683,1830,9000,9000,0
59,beep,53268,124.752,180.24,-1,-727,1830,9000,9000,0
60,beep,53450,124.931,174.38,-1,-754,1830,9000,9000,0
61,beep,53593,124.713,180.67,-1,-785,1830,9000,9000,0
62,beep,53759,124.894,169.09,-1,-847,1830,9000,9000,0
63,beep,53803,124.848,176.42,-1,-784,1830,9000,9000,0
64,beep,53874,124.885,173.15,-1,-740,1830,9000,9000,0
65,beep,54131,124.667,168.56,-1,-725,1830,9000,9000,0
66,beep,54166,124.757,175.61,-1,-687,1830,9000,9000,0
67,beep,54360,124.816,173.64,-1,-666,1830,9000,9000,0
68,beep,54493,124.779,168.43,-1,-672,1830,9000,9000,0
69,beep,54656,124.859,177.49,-1,-700,1830,9000,9000,0
70,beep,54621,124.982,175.58,-1,-647,1830,9000,9000,0
71,beep,54830,124.980,170.23,-1,-652,1830,9000,9000,0
72,beep,54966,124.828,172.73,-1,-640,1830,9000,9000,0
73,beep,55090,125.010,162.16,-1,-630,1830,9000,9000,0
74,beep,55220,124.892,175.04,-1,-613,1830,9000,9000,0
75,beep,55333,124.894,172.03,-1,-638,1830,9000,9000,0
76,beep,55494,124.927,179.50,-1,-645,1830,9000,9000,0
77,beep,55650,124.909,171.29,-1,-655,1830,9000,9000,0
78,beep,55757,124.946,170.19,-1,-658,1830,9000,9000,0
79,beep,55803,125.015,184.27,-1,-639,1830,9000,9000,0
80,beep,56017,125.055,174.72,-1,-651,1830,9000,9000,0
81,beep,55958,124.954,168.24,-1,-604,1830,9000,9000,0
82,beep,56075,125.105,172.56,-1,-559,1830,9000,9000,0
83,beep,56158,124.988,170.25,-1,-520,1830,9000,9000,0
84,beep,56241,125.130,176.75,-1,-500,1830,9000,9000,0
85,beep,56410,124.936,176.88,-1,-473,1830,9000,9000,0
86,beep,56610,125.124,177.50,-1,-518,1830,9000,9000,0
87,beep,56834,125.173,171.66,-1,-578,1830,9000,9000,0
88,beep,56802,125.165,159.77,-1,-595,1830,9000,9000,0
89,beep,57088,125.044,173.06,-1,-658,1830,9000,9000,0
90,beep,56978,125.186,175.80,-1,-636,1830,9000,9000,0
91,beep,57257,125.225,298.13,-1,-639,1830,32137,6393,0
92,beep,57197,125.155,323.67,-1,-570,1830,30273,12539,0
93,beep,57162,125.093,325.55,-1,-517,1830,30273,12539,0
94,beep,57067,125.040,319.74,-1,-383,1830,30273,12539,0
95,beep,56990,125.090,327.04,-1,-290,1830,27245,18204,0
96,beep,56859,124.875,320.28,-1,-118,1830,30273,12539,0
97,beep,56676,124.931,324.48,0,41,1830,30273,12539,0
98,beep,56665,124.732,317.90,0,155,1830,30273,12539,0
99,beep,56451,124.626,328.68,1,270,1830,27245,18204,0
100,beep,56523,124.573,306.83,1,319,1830,30273,12539,0
101,beep,56333,124.646,329.24,1,371,1830,27245,18204,0
102,beep,56313,124.539,321.47,1,369,1830,30273,12539,0
103,beep,56092,124.499,321.69,1,420,1830,30273,12539,0
104,beep,56042,124.497,323.06,1,417,1830,30273,12539,0
105,beep,55903,124.355,321.36,1,468,1830,30273,12539,0
106,beep,55926,124.304,333.44,1,452,1830,27245,18204,0
107,beep,55837,124.174,320.26,1,458,1830,30273,12539,0
108,beep,55770,124.155,319.88,1,424,1830,30273,12539,0
109,beep,55653,124.049,320.92,1,415,1830,30273,12539,0
110,beep,55522,123.918,321.48,1,407,1830,30273,12539,0
111,beep,55469,123.723,316.27,1,419,1830,30273,12539,0
112,beep,55361,123.645,323.83,1,433,1830,30273,12539,0
113,beep,55181,123.612,324.41,1,472,1830,30273,12539,0
114,beep,55050,123.581,320.70,1,505,1830,30273,12539,0
115,beep,54974,123.426,310.95,1,515,1830,30273,12539,0
116,beep,54861,123.340,324.00,1,538,1830,30273,12539,0
117,beep,54859,123.325,322.54,1,529,1830,30273,12539,0
118,beep,54656,123.178,322.82,1,528,1830,30273,12539,0
119,beep,54751,123.033,317.84,1,471,1830,30273,12539,0
120,beep,54408,123.136,324.52,1,494,1830,30273,12539,0
121,beep,54271,122.942,317.25,1,518,1830,30273,12539,0
122,beep,54224,122.883,323.97,1,547,1830,30273,12539,0
123,beep,54066,122.881,316.72,1,558,1830,30273,12539,0
124,beep,54069,122.760,322.38,1,589,1830,30273,12539,0
125,beep,53888,122.632,309.70,1,571,1830,30273,12539,0
126,beep,53864,122.489,325.73,1,530,1830,30273,12539,0
127,beep,53862,122.557,318.76,1,488,1830,30273,12539,0
128,beep,53742,122.513,318.25,1,447,1830,30273,12539,0
129,beep,53735,122.317,321.06,1,419,1830,30273,12539,0
130,beep,53606,122.282,312.55,1,384,1830,30273,12539,0
131,beep,53548,122.089,317.81,1,367,1830,30273,12539,0
132,beep,53335,121.895,325.79,1,407,1830,30273,12539,0
133,beep,53305,121.842,317.08,1,414,1830,30273,12539,0
134,beep,53224,121.738,318.93,1,438,1830,30273,12539,0
135,beep,53220,121.853,317.03,1,425,1830,30273,12539,0
136,beep,53153,121.698,314.24,1,418,1830,30273,12539,0
137,beep,53153,121.739,325.24,1,359,1830,30273,12539,0
138,beep,52908,121.514,312.34,1,368,1830,30273,12539,0
139,beep,52778,121.604,322.94,1,387,1830,30273,12539,0
140,beep,52825,121.327,320.62,1,389,1830,30273,12539,0
141,beep,52777,121.287,325.00,1,386,1830,30273,12539,0
142,beep,52521,121.300,321.37,1,447,1830,30273,12539,0
143,beep,52282,121.154,326.67,1,492,1830,27245,18204,0
144,beep,52349,121.035,310.94,1,476,1830,30273,12539,0
145,beep,52079,120.968,323.31,1,543,1830,30273,12539,0
146,beep,52029,120.847,315.36,1,594,1830,30273,12539,0
147,beep,51902,120.645,320.08,1,600,1830,30273,12539,0
148,beep,51713,120.619,320.17,1,592,1830,30273,12539,0
149,beep,51668,120.668,320.22,1,614,1830,30273,12539,0
150,beep,51521,120.388,308.69,1,600,1830,30273,12539,0
151,beep,51512,120.362,318.72,1,579,1830,30273,12539,0
152,beep,51570,120.314,310.87,1,517,1830,30273,12539,0
153,beep,51445,120.301,320.79,1,455,1830,30273,12539,0
154,beep,51068,120.152,323.70,1,491,1830,30273,12539,0
155,beep,51059,120.313,314.33,1,484,1830,30273,12539,0
156,beep,50955,119.858,318.78,1,502,1830,30273,12539,0
157,beep,50979,119.744,316.26,1,524,1830,30273,12539,0
158,beep,50898,119.623,321.26,1,530,1830,30273,12539,0
159,beep,50809,119.604,319.32,1,462,1830,30273,12539,0
160,beep,50639,119.355,319.37,1,451,1830,30273,12539,0
161,beep,50528,119.363,306.26,1,445,1830,30273,12539,0
162,beep,50397,119.196,321.51,1,479,1830,30273,12539,0
163,beep,50316,118.999,312.99,1,505,1830,30273,12539,0
164,beep,50204,118.866,319.49,1,530,1830,30273,12539,0
165,beep,50158,118.844,309.59,1,517,1830,30273,12539,0
166,beep,50021,118.672,321.20,1,515,1830,30273,12539,0
167,beep,50119,118.758,322.03,1,455,1830,30273,12539,0
168,beep,49844,118.488,320.77,1,459,1830,30273,12539,0
169,beep,49837,118.410,306.41,1,436,1830,30273,12539,0
170,beep,49754,118.436,318.39,1,428,1830,30273,12539,0
171,beep,49666,118.161,314.61,1,410,1830,30273,12539,0
172,beep,49514,118.270,315.05,1,458,1830,30273,12539,0
173,beep,49467,117.934,317.70,1,438,1830,30273,12539,0
174,beep,49349,117.815,312.06,1,450,1830,30273,12539,0
175,beep,49390,117.710,319.24,1,429,1830,30273,12539,0
176,beep,49226,117.500,314.29,1,431,1830,30273,12539,0
177,beep,49153,117.484,321.93,1,414,1830,30273,12539,0
178,beep,49204,117.412,310.93,1,376,1830,30273,12539,0
179,beep,49051,117.343,317.84,1,356,1539,30273,12539,0
180,beep,48810,117.187,306.90,1,412,1539,30273,12539,0
181,beep,48765,116.718,317.85,1,424,1539,30273,12539,0
182,beep,48595,116.689,307.68,1,458,1539,30273,12539,0
183,beep,48559,116.481,311.86,1,504,1539,30273,12539,0
184,beep,48539,116.538,315.51,1,506,1539,30273,12539,0
185,beep,48509,116.384,311.74,1,455,1539,30273,12539,0
186,beep,48347,116.321,306.96,1,445,1539,30273,12539,0
187,beep,48241,116.156,317.02,1,422,1539,30273,12539,0
188,beep,48074,116.097,311.72,1,438,1539,30273,12539,0
189,beep,48021,115.994,311.86,1,458,1539,30273,12539,0
190,beep,48234,115.838,313.54,1,412,1539,30273,12539,0
191,beep,47987,115.845,316.63,1,399,1539,30273,12539,0
192,beep,47825,115.708,311.55,1,403,1539,30273,12539,0
193,beep,47758,115.469,314.64,1,381,1539,30273,12539,0
194,beep,47665,115.420,302.77,1,375,1539,32137,6393,0
195,beep,47556,115.217,347.35,1,450,1539,27245,18204,0
196,beep,47635,115.163,6.11,1,426,1539,23170,23170,0
197,beep,47391,115.256,5.29,1,428,1539,23170,23170,0
198,beep,47121,115.189,7.30,1,480,1539,23170,23170,0
199,beep,47110,115.457,6.79,1,499,1539,23170,23170,0
200,beep,46913,115.534,6.77,1,535,1539,23170,23170,0
201,beep,46862,115.298,10.83,1,594,1539,23170,23170,0
202,beep,46790,115.514,5.06,1,596,1539,23170,23170,0
203,beep,46554,115.557,15.06,1,588,1539,18204,27245,0
204,beep,46537,115.615,6.79,1,584,1539,23170,23170,0
205,beep,46361,115.665,2.02,1,576,1539,23170,23170,0
206,beep,46262,115.589,12.83,1,582,1539,18204,27245,0
207,beep,46147,115.627,13.71,1,597,1539,18204,27245,0
208,beep,46040,115.550,9.75,1,576,1539,23170,23170,0
209,beep,45779,115.709,9.00,1,622,1539,23170,23170,0
210,beep,45734,115.553,15.02,1,623,1539,18204,27245,0
211,beep,45678,115.524,10.41,1,613,1539,23170,23170,0
212,beep,45347,115.574,3.01,1,660,1539,23170,23170,0
213,beep,45294,115.531,5.16,1,681,1539,23170,23170,0
214,beep,45131,115.646,13.00,1,673,1539,18204,27245,0
215,beep,45201,115.622,7.37,1,638,1539,23170,23170,0
216,beep,45043,115.807,7.53,1,637,1539,23170,23170,0
217,beep,44847,115.578,14.82,1,603,1539,18204,27245,0
218,beep,44802,115.409,7.38,1,575,1539,23170,23170,0
219,beep,44690,115.637,2.09,1,541,1539,23170,23170,0
220,beep,44560,115.599,11.99,1,566,1539,18204,27245,0
221,beep,44449,115.715,7.55,1,573,1539,23170,23170,0
222,beep,44270,115.584,15.96,1,574,1539,18204,27245,0
223,beep,44149,115.798,20.19,1,594,1539,18204,27245,0
224,beep,44078,115.657,6.92,1,598,1539,23170,23170,0
225,beep,43957,115.685,1.36,1,599,1539,23170,23170,0
226,beep,43993,115.596,8.38,1,563,1539,23170,23170,0
227,beep,43847,115.682,14.79,1,528,1539,18204,27245,0
228,beep,43701,115.809,6.58,1,508,1539,23170,23170,0
229,beep,43589,115.733,13.33,1,503,1539,18204,27245,0
230,beep,43313,115.716,5.14,1,538,1539,23170,23170,0
231,beep,43176,115.977,12.93,1,608,1539,18204,27245,0
232,beep,43076,115.807,15.26,1,648,1539,18204,27245,0
233,beep,42964,115.911,11.70,1,670,1539,18204,27245,0
234,beep,42740,115.625,8.80,1,715,1539,23170,23170,0
235,beep,42408,115.833,20.19,1,762,1539,18204,27245,0
236,beep,42480,115.746,3.98,1,746,1539,23170,23170,0
237,beep,42244,115.621,6.76,1,767,1539,23170,23170,0
238,beep,42143,115.840,5.00,1,780,1539,23170,23170,0
239,beep,41817,116.262,9.24,1,816,1539,23170,23170,0
240,beep,41672,115.838,22.14,1,796,1539,18204,27245,0
241,beep,41618,115.871,11.15,1,812,1539,23170,23170,0
242,beep,41755,115.767,10.19,1,731,1539,23170,23170,0
243,beep,41474,116.089,10.98,1,716,1539,23170,23170,0
244,beep,41334,116.201,19.39,1,657,1539,18204,27245,0
245,beep,41241,116.114,13.39,1,601,1539,18204,27245,0
246,beep,41251,116.055,9.24,1,542,1539,23170,23170,0
247,beep,41027,116.241,3.47,1,588,1539,23170,23170,0
248,beep,40985,116.278,11.91,1,563,1539,18204,27245,0
249,beep,40769,116.168,4.16,1,564,1539,23170,23170,0
250,beep,40905,116.460,8.98,1,507,1539,23170,23170,0
251,beep,40641,116.266,15.53,1,532,1539,18204,27245,0
252,beep,40539,116.345,11.51,1,521,1539,18204,27245,0
253,beep,40402,116.413,8.78,1,537,1539,23170,23170,0
254,beep,40136,116.630,11.79,1,561,1539,18204,27245,0
255,beep,40122,116.338,9.66,1,616,1539,23170,23170,0
256,beep,39954,116.322,9.39,1,634,1539,23170,23170,0
257,beep,39774,116.495,9.19,1,666,1539,23170,23170,0
258,beep,39781,116.185,15.99,1,655,1539,18204,27245,0
259,beep,39626,116.465,2.41,1,618,1539,23170,23170,0
260,beep,39346,116.362,5.41,1,658,1539,23170,23170,0
261,beep,39184,116.693,10.76,1,686,1539,23170,23170,0
262,beep,39223,116.839,11.63,1,652,1539,18204,27245,0
263,beep,39165,116.664,13.66,1,643,1539,18204,27245,0
264,beep,39044,116.872,8.61,1,628,1539,23170,23170,0
265,beep,38740,116.901,16.01,1,622,1539,18204,27245,0
266,beep,38495,117.134,13.66,1,639,1539,18204,27245,0
267,beep,38306,116.875,12.01,1,708,1539,18204,27245,0
268,beep,38340,116.948,14.30,1,737,1539,18204,27245,0
269,beep,38248,117.220,16.22,1,752,1539,18204,27245,0
270,beep,37911,117.003,10.43,1,771,1539,23170,23170,0
271,beep,37925,117.223,4.51,1,721,1539,23170,23170,0
272,beep,37728,117.010,10.43,1,685,1539,23170,23170,0
273,beep,37723,117.217,12.01,1,668,1539,18204,27245,0
274,beep,37507,117.295,12.85,1,686,1539,18204,27245,0
275,beep,37513,117.051,5.88,1,614,1539,23170,23170,0
276,beep,37234,117.091,9.78,1,633,1539,23170,23170,0
277,beep,37132,117.223,10.03,1,624,1539,23170,23170,0
278,beep,37088,117.310,15.11,1,626,1539,18204,27245,0
279,beep,36836,117.334,6.97,1,637,1539,23170,23170,0
280,beep,36779,117.353,13.21,1,661,1539,18204,27245,0
281,beep,36565,117.641,359.90,1,663,1539,23170,23170,0
282,beep,36537,117.506,8.01,1,646,1539,23170,23170,0
283,beep,36327,117.530,12.22,1,675,1539,18204,27245,0
284,beep,36358,117.676,7.81,1,625,1539,23170,23170,0
285,beep,36203,117.935,12.43,1,613,1539,18204,27245,0
286,beep,35883,117.833,13.59,1,630,1539,18204,27245,0
287,beep,35802,117.745,19.35,1,656,1539,18204,27245,0
288,beep,35618,118.139,19.48,1,669,1539,18204,27245,0
289,beep,35548,118.083,10.23,1,704,1539,23170,23170,0
290,beep,35537,118.288,16.29,1,695,1539,18204,27245,0
291,beep,35469,118.045,9.80,1,624,1539,23170,23170,0
292,beep,35175,118.158,14.70,1,625,1539,18204,27245,0
293,beep,35067,118.069,14.09,1,606,1539,18204,27245,0
294,beep,34846,118.276,12.61,1,630,1539,18204,27245,0
295,beep,34697,118.613,10.54,1,682,1539,23170,23170,0
296,beep,34557,118.402,5.01,1,740,1539,23170,23170,0
297,beep,34520,118.472,11.95,1,718,1539,18204,27245,0
298,beep,34383,118.572,12.15,1,710,1539,18204,27245,0
299,beep,34152,118.485,12.79,1,706,1539,18204,27245,0
300,beep,34058,118.726,2.45,1,689,1539,23170,23170,0
301,beep,33900,118.428,18.36,1,681,1539,18204,27245,0
302,beep,33882,118.389,8.41,1,670,1539,23170,23170,0
303,beep,33554,118.547,6.32,1,710,1539,23170,23170,0
304,beep,33352,118.399,12.99,1,732,1539,18204,27245,0
305,beep,33408,118.705,17.96,1,711,1539,18204,27245,0
306,beep,33248,118.990,4.25,1,696,1539,23170,23170,0
307,beep,33064,118.915,7.89,1,727,1539,23170,23170,0
308,beep,32822,119.371,13.10,1,728,1539,18204,27245,0
309,beep,32783,118.882,13.52,1,688,1539,18204,27245,0
310,beep,32564,118.961,13.78,1,727,1294,18204,27245,0
311,beep,32485,119.149,22.40,1,736,1294,18204,27245,0
312,beep,32372,119.554,9.32,1,725,1294,23170,23170,0
313,beep,32209,119.745,10.52,1,697,1294,23170,23170,0
314,beep,32225,119.600,15.21,1,662,1294,18204,27245,0
315,beep,31873,119.632,13.65,1,669,1294,18204,27245,0
316,beep,32033,119.781,13.64,1,615,1294,18204,27245,0
317,beep,31792,119.738,13.19,1,606,1294,18204,27245,0
318,beep,31707,119.541,13.14,1,580,1294,18204,27245,0
319,beep,31593,119.717,21.54,1,593,1294,18204,27245,0
320,beep,31452,120.061,18.81,1,550,1294,18204,27245,0
321,beep,31253,120.285,17.86,1,607,1294,18204,27245,0
322,beep,31111,119.986,13.90,1,625,1294,18204,27245,0
323,beep,31115,119.965,13.95,1,617,1294,18204,27245,0
324,beep,30976,120.407,17.09,1,617,1294,18204,27245,0
325,beep,30775,120.175,3.46,1,632,1294,23170,23170,0
326,beep,30910,120.110,5.57,1,559,1294,23170,23170,0
327,beep,30548,120.319,17.14,1,560,1294,18204,27245,0
328,beep,30333,120.532,14.71,1,616,1294,18204,27245,0
329,beep,30250,120.315,9.33,1,643,1294,23170,23170,0
330,beep,30316,120.499,14.07,1,597,1294,18204,27245,0
331,beep,30165,120.617,10.94,1,634,1294,23170,23170,0
332,beep,29927,120.870,21.08,1,630,1294,18204,27245,0
333,beep,29790,120.783,18.91,1,608,1294,18204,27245,0
334,beep,29727,120.584,11.71,1,587,1294,18204,27245,0
335,beep,29816,120.856,16.89,1,565,1294,18204,27245,0
336,beep,29611,121.265,20.21,1,562,1294,18204,27245,0
337,beep,29495,121.030,18.70,1,530,1294,18204,27245,0
338,beep,29261,121.024,353.60,1,529,1294,23170,23170,0
339,beep,29044,120.929,326.06,1,568,1294,30273,12539,0
340,beep,28909,120.848,329.65,1,652,1294,27245,18204,0
341,beep,28824,120.652,333.96,1,686,1294,27245,18204,0
342,beep,28713,120.651,334.63,1,710,1294,27245,18204,0
343,beep,28539,120.359,325.25,1,713,1294,30273,12539,0
344,beep,28381,120.335,337.27,1,700,1294,27245,18204,0
345,beep,28264,120.469,328.48,1,686,1294,27245,18204,0
346,beep,28119,120.209,331.72,1,691,1294,27245,18204,0
347,beep,28095,120.004,333.05,1,672,1294,27245,18204,0
348,beep,27898,120.149,332.95,1,664,1294,27245,18204,0
349,beep,27975,119.836,335.75,1,600,1294,27245,18204,0
350,beep,27781,119.880,338.62,1,570,1294,27245,18204,0
351,beep,27633,119.653,327.45,1,549,1294,27245,18204,0
352,beep,27458,119.258,335.05,1,571,1294,27245,18204,0
353,beep,27408,119.264,331.02,1,551,1294,27245,18204,0
354,beep,27322,118.899,333.15,1,576,1294,27245,18204,0
355,beep,27198,119.560,327.92,1,578,1294,27245,18204,0
356,beep,27127,119.212,332.91,1,560,1294,27245,18204,0
357,beep,26923,118.916,333.80,1,553,1294,27245,18204,0
358,beep,26921,118.535,325.06,1,537,1294,30273,12539,0
359,beep,26744,118.578,336.79,1,547,1294,27245,18204,0
360,beep,26635,118.019,324.93,1,551,1294,30273,12539,0
361,beep,26353,118.316,330.37,1,606,1294,27245,18204,0
362,beep,26239,118.118,333.46,1,626,1294,27245,18204,0
363,beep,26167,118.261,324.22,1,658,1294,30273,12539,0
364,beep,26300,117.869,333.94,1,604,1294,27245,18204,0
365,beep,25861,117.580,333.20,1,647,1294,27245,18204,0
366,beep,25876,117.632,322.73,1,604,1294,30273,12539,0
367,beep,25770,117.732,334.05,1,570,1294,27245,18204,0
368,beep,25703,117.196,330.65,1,543,1294,27245,18204,0
369,beep,25620,117.067,333.41,1,577,1294,27245,18204,0
370,beep,25518,117.218,329.86,1,519,1294,27245,18204,0
371,beep,25339,116.986,325.88,1,523,1294,30273,12539,0
372,beep,25134,116.631,320.12,1,551,1294,30273,12539,0
373,beep,25062,116.598,327.11,1,574,1294,27245,18204,0
374,beep,24834,116.686,329.44,1,627,1294,27245,18204,0
375,beep,24790,116.381,321.58,1,652,1294,30273,12539,0
376,beep,24676,115.922,327.30,1,654,1294,27245,18204,0
377,beep,24567,115.796,334.15,1,632,1088,27245,18204,0
378,beep,24560,115.584,323.34,1,600,1088,30273,12539,0
379,beep,24395,115.640,325.67,1,559,1088,30273,12539,0
380,beep,24095,115.555,327.34,1,593,1088,27245,18204,0
381,beep,24106,115.566,337.63,1,587,1088,27245,18204,0
382,beep,24017,115.440,329.19,1,578,1088,27245,18204,0
383,beep,24034,115.066,325.72,1,565,1088,30273,12539,0
384,beep,23874,114.822,332.25,1,554,1088,27245,18204,0
385,beep,23912,114.769,325.13,1,461,1088,30273,12539,0
386,beep,23715,114.728,309.40,1,443,1088,30273,12539,0
387,beep,23564,114.164,316.71,1,446,1088,30273,12539,0
388,beep,23414,114.463,328.01,1,489,1088,27245,18204,0
389,beep,23477,113.987,332.04,1,466,1088,27245,18204,0
390,beep,23246,114.146,322.54,1,516,1088,30273,12539,0
391,beep,23261,114.052,333.41,1,500,1088,27245,18204,0
392,beep,23207,114.091,329.88,1,464,1088,27245,18204,0
393,beep,22998,113.374,330.49,1,452,1088,27245,18204,0
394,beep,22985,113.478,327.47,1,462,1088,27245,18204,0
395,beep,22790,113.389,325.88,1,460,1088,30273,12539,0
396,beep,22686,112.688,331.05,1,489,1088,27245,18204,0
397,beep,22560,112.807,325.33,1,528,1088,30273,12539,0
398,beep,22414,112.228,321.83,1,542,1088,30273,12539,0
399,beep,22253,112.392,326.88,1,589,1088,27245,18204,0
400,beep,22202,112.133,328.52,1,589,1088,27245,18204,0
401,beep,22082,111.693,334.13,1,593,1088,27245,18204,0
402,beep,21917,111.543,324.36,1,605,1088,30273,12539,0
403,beep,21990,111.272,326.64,1,560,1088,27245,18204,0
404,beep,21829,111.617,319.98,1,526,1088,30273,12539,0
405,beep,21738,110.814,319.97,1,510,1088,30273,12539,0
406,beep,21804,111.197,322.43,1,452,1088,30273,12539,0
407,beep,21733,110.590,323.25,1,385,1088,30273,12539,0
408,beep,21540,110.635,325.53,1,401,1088,30273,12539,0
409,beep,21370,110.200,322.69,1,415,1088,30273,12539,0
410,beep,21132,109.820,311.68,1,463,1088,30273,12539,0
411,beep,20995,109.655,318.68,1,549,1088,30273,12539,0
412,beep,20989,109.390,330.16,1,598,1088,27245,18204,0
413,beep,20791,109.141,317.24,1,636,1088,30273,12539,0
414,beep,20754,108.977,309.37,1,631,1088,30273,12539,0
415,beep,20668,108.816,320.33,1,589,1088,30273,12539,0
416,beep,20425,108.802,318.16,1,584,1088,30273,12539,0
417,beep,20419,108.615,321.77,1,580,1088,30273,12539,0
418,beep,20291,108.228,326.88,1,560,1088,27245,18204,0
419,beep,20283,107.962,319.82,1,538,1088,30273,12539,0
420,beep,20177,107.466,323.34,1,526,1088,30273,12539,0
421,beep,20053,107.709,316.10,1,487,1088,30273,12539,0
422,beep,20095,107.170,323.72,1,446,1088,30273,12539,0
423,beep,19769,107.010,321.79,1,465,1088,30273,12539,0
424,beep,19880,107.069,312.07,1,450,1088,30273,12539,0
425,beep,19800,106.242,321.97,1,431,1088,30273,12539,0
426,beep,19590,106.689,312.29,1,439,1088,30273,12539,0
427,beep,19653,105.685,310.71,1,440,1088,30273,12539,0
428,beep,19755,105.969,317.25,1,333,1088,30273,12539,0
429,beep,19638,105.430,315.95,1,310,1088,30273,12539,0
430,beep,19505,105.367,316.80,1,306,1088,30273,12539,0
431,beep,19305,105.839,314.18,1,301,1088,30273,12539,0
432,beep,19266,105.002,315.10,1,322,1088,30273,12539,0
433,beep,19199,104.429,306.41,1,381,1088,30273,12539,0
434,beep,18854,104.561,315.81,1,481,1088,30273,12539,0
435,beep,18761,103.555,318.07,1,547,1088,30273,12539,0
436,beep,18729,103.528,313.52,1,554,1088,30273,12539,0
437,beep,18443,103.633,319.39,1,621,1088,30273,12539,0
438,beep,18492,103.439,4.04,1,642,1088,23170,23170,0
439,beep,18288,102.660,19.84,1,623,1088,18204,27245,0
440,beep,17998,102.887,27.96,1,658,1088,18204,27245,0
441,beep,18017,103.373,23.24,1,671,1088,18204,27245,0
442,beep,17969,103.711,16.05,1,622,1088,18204,27245,0
443,beep,17823,103.991,24.58,1,634,1088,18204,27245,0
444,beep,17645,104.135,27.35,1,636,1088,18204,27245,0
445,beep,17488,104.501,24.30,1,604,1088,18204,27245,0
446,beep,17440,103.929,28.41,1,597,1088,18204,27245,0
447,beep,17246,104.342,31.60,1,629,1088,18204,27245,0
448,beep,17115,104.358,22.77,1,648,1088,18204,27245,0
449,beep,17127,104.189,22.24,1,616,1088,18204,27245,0
450,beep,16972,104.464,30.91,1,591,1088,18204,27245,0
451,beep,16718,104.735,18.56,1,623,1088,18204,27245,0
452,beep,16807,105.088,20.33,1,577,1088,18204,27245,0
453,beep,16825,104.924,19.55,1,505,1088,18204,27245,0
454,beep,16665,104.566,28.44,1,494,1088,18204,27245,0
455,beep,16513,105.522,31.34,1,485,1088,18204,27245,0
456,beep,16358,105.848,26.85,1,454,915,18204,27245,0
457,beep,16425,105.984,18.22,1,436,1088,18204,27245,0
458,beep,15934,106.716,31.04,1,550,915,18204,27245,0
459,beep,15927,106.498,28.63,1,597,915,18204,27245,0
460,beep,15786,106.620,19.23,1,629,915,18204,27245,0
461,beep,15866,106.541,32.54,1,595,915,18204,27245,0
462,beep,15702,106.970,18.81,1,627,915,18204,27245,0
463,beep,15505,107.038,20.72,1,577,915,18204,27245,0
464,beep,15366,106.975,23.46,1,573,915,18204,27245,0
465,beep,15308,107.409,23.99,1,549,915,18204,27245,0
466,beep,15187,107.608,24.25,1,581,915,18204,27245,0
467,beep,15092,107.754,27.72,1,588,915,18204,27245,0
468,beep,15043,108.387,27.79,1,557,915,18204,27245,0
469,beep,14936,108.620,25.09,1,525,915,18204,27245,0
470,beep,14744,108.232,33.96,1,535,915,12539,30273,0
471,beep,14636,109.116,23.48,1,539,915,18204,27245,0
472,beep,14520,109.810,35.18,1,547,915,12539,30273,0
473,beep,14374,109.254,29.09,1,577,915,18204,27245,0
474,beep,14417,110.060,42.83,1,563,915,12539,30273,0
475,beep,14389,109.520,29.19,1,511,915,18204,27245,0
476,beep,14077,110.131,27.93,1,523,915,18204,27245,0
477,beep,13961,110.057,24.90,1,532,915,18204,27245,0
478,beep,13651,110.134,36.21,1,579,915,12539,30273,0
479,beep,13661,111.263,27.38,1,623,915,18204,27245,0
480,beep,13477,111.188,23.60,1,695,915,18204,27245,0
481,beep,13373,111.435,33.88,1,697,915,12539,30273,0
482,beep,13332,112.263,37.59,1,680,915,12539,30273,0
483,beep,13322,112.189,34.04,1,592,915,12539,30273,0
484,beep,12922,112.568,32.11,1,629,915,18204,27245,0
485,beep,12933,112.796,31.26,1,608,915,18204,27245,0
486,beep,12857,113.429,34.07,1,585,915,12539,30273,0
487,beep,12800,113.926,33.91,1,571,915,12539,30273,0
488,beep,12546,113.760,26.60,1,622,915,18204,27245,0
489,beep,12440,114.497,34.30,1,587,915,12539,30273,0
490,beep,12430,114.615,37.13,1,566,915,12539,30273,0
491,beep,12330,115.119,31.53,1,556,915,18204,27245,0
492,beep,12316,114.770,35.81,1,538,915,12539,30273,0
493,beep,12039,116.352,35.83,1,530,769,12539,30273,0
494,beep,11957,116.158,30.08,1,518,769,18204,27245,0
495,beep,11892,117.233,34.49,1,523,769,12539,30273,0
496,beep,11794,117.134,40.10,1,526,769,12539,30273,0
497,beep,11770,117.876,35.42,1,531,769,12539,30273,0
498,beep,11700,118.241,45.64,1,483,769,12539,30273,0
499,beep,11707,118.270,38.98,1,425,769,12539,30273,0
500,beep,11413,118.941,35.40,1,438,769,12539,30273,0
501,beep,11382,118.889,38.73,1,431,769,12539,30273,0
502,beep,11115,119.642,35.13,1,487,769,12539,30273,0
503,beep,11218,119.337,44.40,1,486,769,12539,30273,0
504,beep,10826,120.018,39.53,1,584,769,12539,30273,0
505,beep,10834,120.416,36.38,1,583,769,12539,30273,0
506,beep,10644,121.480,45.09,1,622,769,12539,30273,0
507,beep,10537,121.740,40.02,1,611,769,12539,30273,0
508,beep,10510,121.364,35.54,1,635,769,12539,30273,0
509,beep,10341,121.537,44.72,1,597,769,12539,30273,0
510,beep,10214,122.196,47.65,1,603,769,12539,30273,0
511,beep,10178,123.173,41.38,1,568,769,12539,30273,0
512,beep,9972,122.963,44.66,1,567,769,12539,30273,0
513,beep,9979,123.888,43.03,1,558,769,12539,30273,0
514,beep,9957,125.133,51.75,1,515,769,12539,30273,0
515,beep,9795,125.455,42.78,1,491,769,12539,30273,0
516,beep,9507,125.163,48.32,1,536,769,12539,30273,0
517,beep,9575,125.800,44.76,1,501,769,12539,30273,0
518,beep,9509,126.236,49.50,1,493,769,12539,30273,0
519,beep,9370,126.464,41.58,1,516,769,12539,30273,0
520,beep,9363,128.365,51.41,1,495,769,12539,30273,0
521,beep,9128,128.569,50.57,1,466,769,12539,30273,0
522,beep,8903,129.777,45.16,1,517,769,12539,30273,0
523,beep,8954,130.557,50.99,1,527,769,12539,30273,0
524,beep,8924,130.614,44.64,1,506,769,12539,30273,0
525,beep,8732,130.653,48.95,1,537,769,12539,30273,0
526,beep,8783,132.421,60.04,1,489,769,6393,32137,0
527,beep,8759,132.627,51.48,1,403,769,12539,30273,0
528,beep,8560,133.239,62.71,1,401,769,6393,32137,0
529,beep,8454,134.602,49.37,1,418,769,12539,30273,0
530,beep,8343,134.786,54.51,1,410,769,12539,30273,0
531,beep,8423,135.885,5.27,1,398,769,23170,23170,0
532,beep,8211,134.521,346.08,1,435,769,27245,18204,0
533,beep,8089,134.870,343.65,1,444,647,27245,18204,0
534,beep,7919,134.637,343.87,1,467,647,27245,18204,0
535,beep,7874,133.919,346.80,1,467,647,27245,18204,0
536,beep,7604,134.137,337.76,1,555,647,27245,18204,0
537,beep,7590,135.309,340.50,1,571,647,27245,18204,0
538,beep,7473,135.314,344.76,1,582,647,27245,18204,0
539,beep,7082,134.096,348.78,1,646,647,23170,23170,0
540,beep,7279,134.148,349.78,1,633,647,23170,23170,0
541,beep,7052,133.955,342.55,1,613,647,27245,18204,0
542,beep,6855,133.540,346.11,1,643,647,27245,18204,0
543,beep,6867,133.755,345.39,1,634,647,27245,18204,0
544,beep,6706,131.663,340.07,1,569,647,27245,18204,0
545,beep,6609,132.983,342.11,1,594,647,27245,18204,0
546,beep,6327,130.956,336.77,1,627,647,27245,18204,0
547,beep,6298,130.376,349.17,1,609,647,23170,23170,0
548,beep,6168,131.648,344.78,1,632,647,27245,18204,0
549,beep,5966,128.699,335.17,1,659,544,27245,18204,0
550,beep,5961,130.373,339.21,1,656,544,27245,18204,0
551,beep,5807,130.299,344.70,1,622,544,27245,18204,0
552,beep,5657,129.362,334.17,1,626,544,27245,18204,0
553,beep,5390,126.687,334.90,1,664,544,27245,18204,0
554,beep,5383,127.323,333.80,1,644,544,27245,18204,0
555,beep,5331,125.556,336.01,1,640,544,27245,18204,0
556,beep,5251,126.723,346.64,1,619,544,27245,18204,0
557,beep,5191,124.649,333.55,1,581,544,27245,18204,0
558,beep,5092,124.227,331.67,1,510,544,27245,18204,0
559,beep,4904,124.574,331.47,1,502,544,27245,18204,0
560,beep,4707,121.968,335.33,1,532,544,27245,18204,0
561,beep,4682,122.448,336.42,1,541,544,27245,18204,0
562,beep,4492,123.357,337.34,1,581,544,27245,18204,0
563,beep,4396,121.456,337.90,1,609,544,27245,18204,0
564,beep,4185,121.537,339.95,1,637,544,27245,18204,0
565,beep,4289,119.763,325.25,1,582,544,30273,12539,0
566,beep,3963,118.434,333.40,1,616,457,27245,18204,0
567,beep,4134,117.284,329.35,1,551,544,27245,18204,0
568,beep,3965,117.017,333.46,1,521,457,27245,18204,0
569,beep,3756,115.146,320.92,1,498,457,30273,12539,0
570,beep,3734,112.217,323.91,1,512,457,30273,12539,0
571,beep,3496,112.346,317.59,1,501,457,30273,12539,0
572,beep,3406,111.745,316.91,1,557,457,30273,12539,0
573,beep,3432,110.325,317.23,1,551,457,30273,12539,0
574,beep,3172,109.120,320.58,1,559,457,30273,12539,0
575,beep,3246,106.118,319.40,1,541,457,30273,12539,0
576,beep,3103,105.995,318.00,1,504,457,30273,12539,0
577,beep,3144,103.837,309.28,1,443,457,30273,12539,0
578,beep,2950,103.466,315.04,1,453,385,30273,12539,0
579,beep,2826,101.326,301.81,1,426,385,32137,6393,0
580,beep,2785,102.145,306.03,1,435,385,30273,12539,0
581,beep,2661,94.182,299.64,1,436,385,32137,6393,0
582,beep,2549,92.159,303.97,1,476,385,30273,12539,0
583,beep,2629,88.562,298.84,1,437,385,32137,6393,0
584,beep,2434,86.608,296.13,1,426,385,32137,6393,0
585,beep,2376,79.550,291.09,1,421,385,32137,6393,0
586,beep,2276,77.979,294.01,1,412,385,32137,6393,0
587,beep,2230,72.702,283.54,1,389,385,32137,6393,0
588,beep,2384,71.231,283.29,1,353,385,32137,6393,0
589,beep,2172,66.384,272.94,1,330,385,32767,0,0
590,beep,2191,61.387,267.40,1,294,385,32767,0,0
591,beep,2243,58.322,266.11,1,228,385,32767,0,0
592,beep,2240,54.962,266.02,1,169,385,32767,0,0
593,beep,2056,52.310,301.02,1,208,385,32137,6393,0
594,beep,2226,51.183,303.25,1,143,385,32137,6393,0
595,beep,2021,49.937,299.88,1,149,323,32137,6393,0
596,beep,2028,45.440,288.12,1,166,323,32137,6393,0
597,beep,1867,41.829,287.73,1,217,323,32137,6393,0
598,beep,1993,39.258,284.36,1,179,323,32137,6393,0
599,beep,1917,35.573,284.49,1,211,323,32137,6393,0
600,beep,1893,30.507,286.84,1,190,323,32137,6393,0
601,beep,1846,26.898,280.41,1,188,323,32767,0,0
602,beep,1757,24.377,262.70,1,168,323,32767,0,0
603,beep,1674,22.150,269.36,1,206,323,32767,0,0
604,beep,1808,17.443,262.53,1,182,323,32767,0,0
605,beep,1936,7.418,258.04,1,125,323,32137,-6393,0
606,beep,1866,8.690,252.38,0,89,323,32137,-6393,0
607,beep,1791,0.960,248.82,0,58,323,32137,-6393,0
608,beep,1830,0.752,245.00,0,4,323,32137,-6393,0
609,beep,2036,355.239,240.77,0,-54,323,32137,-6393,0
610,beep,2107,349.970,238.22,0,-83,385,32137,-6393,0
611,beep,2261,342.975,221.47,0,-161,385,9000,9000,0
612,beep,2495,350.333,241.73,-1,-297,385,32137,-6393,0
613,beep,2379,345.840,227.58,-1,-360,385,9000,9000,0
614,beep,2554,342.330,229.87,-1,-400,385,9000,9000,0
615,beep,2658,337.739,228.06,-1,-438,385,9000,9000,0
616,beep,2628,338.178,221.86,-1,-420,385,9000,9000,0
617,beep,2682,333.282,220.83,-1,-362,385,9000,9000,0
618,beep,2741,331.995,215.68,-1,-362,385,9000,9000,0
619,beep,2837,332.043,210.47,-1,-342,385,9000,9000,0
620,beep,2978,329.534,213.27,-1,-337,385,9000,9000,0
621,beep,3214,328.990,205.74,-1,-399,457,9000,9000,0
622,beep,3428,327.279,218.17,-1,-486,457,9000,9000,0
623,beep,3555,327.347,214.02,-1,-568,457,9000,9000,0
624,beep,3405,325.143,214.93,-1,-568,457,9000,9000,0
625,beep,3569,325.710,208.37,-1,-574,457,9000,9000,0
626,beep,3683,325.141,214.22,-1,-548,457,9000,9000,0
627,beep,3753,322.708,208.52,-1,-492,457,9000,9000,0
628,beep,3936,323.648,194.82,-1,-465,457,9000,9000,0
629,beep,4089,321.423,208.00,-1,-520,457,9000,9000,0
630,beep,4317,320.639,275.73,-1,-577,544,32767,0,0
631,beep,4101,320.382,338.75,-1,-537,544,27245,18204,0
632,beep,4149,318.850,337.71,-1,-502,544,27245,18204,0
633,beep,3920,318.465,341.57,-1,-373,457,27245,18204,0
634,beep,3890,317.375,348.02,-1,-230,457,27245,18204,0
635,beep,3573,315.555,333.20,0,14,457,27245,18204,0
636,beep,3456,316.008,333.41,0,171,457,27245,18204,0
637,beep,3438,316.532,333.32,1,306,457,27245,18204,0
638,beep,3145,313.789,339.59,1,423,457,27245,18204,0
639,beep,3074,314.354,335.81,1,521,457,27245,18204,0
640,beep,2986,310.395,330.50,1,538,385,27245,18204,0
641,beep,2818,308.313,329.99,1,563,385,27245,18204,0
642,beep,2726,307.488,328.95,1,600,385,27245,18204,0
643,beep,2735,306.661,319.56,1,552,385,30273,12539,0
644,beep,2520,308.589,332.93,1,553,385,27245,18204,0
645,beep,2379,305.193,325.50,1,566,385,30273,12539,0
646,beep,2447,304.274,326.48,1,517,385,27245,18204,0
647,beep,2200,302.809,325.09,1,519,385,30273,12539,0
648,beep,2100,298.909,313.96,1,548,385,30273,12539,0
649,beep,1996,297.476,321.62,1,542,323,30273,12539,0
650,beep,1986,296.204,315.37,1,505,323,30273,12539,0
651,beep,1737,290.030,311.27,1,556,323,30273,12539,0
652,beep,1685,288.371,308.89,1,545,323,30273,12539,0
653,beep,1525,283.618,309.40,1,553,272,30273,12539,0
654,beep,1446,279.918,304.46,1,552,272,30273,12539,0
655,beep,1548,275.449,289.64,1,523,323,32137,6393,0
656,beep,1410,270.529,283.67,1,474,272,32137,6393,0
657,beep,1285,261.498,277.68,1,456,272,32767,0,0
658,beep,1276,261.342,282.54,1,404,272,32137,6393,0
659,beep,1300,254.103,275.46,1,339,272,32767,0,0
660,beep,1322,252.209,274.79,1,311,272,32767,0,0
661,beep,1377,240.065,261.26,1,241,272,32767,0,0
662,beep,1417,234.884,253.24,1,148,272,32137,-6393,0
663,beep,1429,228.745,244.48,0,73,272,32137,-6393,0
664,beep,1338,227.029,345.34,0,45,272,27245,18204,0
665,beep,1223,217.590,350.99,0,58,272,23170,23170,0
666,beep,1025,222.627,5.39,0,132,272,23170,23170,0
667,beep,955,219.689,350.19,0,214,229,23170,23170,0
668,beep,775,216.766,2.00,1,324,229,23170,23170,0
669,beep,704,227.128,4.23,1,401,192,23170,23170,0
670,found,368,203.707,343.50,1,515,136,27245,18204,0
671,found,229,209.593,357.33,1,585,120,23170,23170,0
672,found,232,176.794,314.37,1,619,120,30273,12539,0
673,found,153,131.285,271.23,1,620,120,32767,0,0
674,found,186,84.444,226.31,1,594,120,9000,9000,0
675,found,364,64.427,199.29,1,447,136,9000,9000,0
676,found,328,83.524,13.17,1,310,136,23170,23170,0
677,found,456,66.636,291.04,1,176,162,23170,23170,0
678,found,393,59.581,14.78,0,72,162,23170,23170,0
679,found,447,49.719,125.33,0,-11,162,23170,23170,0
680,found,459,57.172,140.98,0,-32,162,23170,23170,0
681,found,535,50.686,341.58,0,-76,192,23170,23170,0
682,found,460,49.411,247.01,0,-58,162,23170,23170,0
683,found,486,62.168,227.77,0,-67,162,23170,23170,0
684,found,440,37.701,109.05,0,-49,162,23170,23170,0
685,found,394,30.541,208.92,0,-20,162,23170,23170,0
686,found,491,57.057,260.54,0,-4,162,23170,23170,0
687,found,352,64.958,184.44,0,24,136,23170,23170,0
688,found,431,46.031,2.02,0,31,162,23170,23170,0
689,found,326,46.370,252.54,0,52,136,23170,23170,0
690,found,329,12.978,117.58,0,55,136,23170,23170,0
691,found,366,20.459,298.54,0,72,136,23170,23170,0
692,found,420,51.382,301.94,0,37,162,23170,23170,0
693,found,252,21.673,160.84,0,72,120,23170,23170,0
694,found,263,31.943,344.39,0,70,136,23170,23170,0
695,found,250,16.037,143.26,0,72,120,23170,23170,0
696,found,255,35.244,7.92,0,82,120,23170,23170,0
697,found,403,58.913,268.20,0,65,162,23170,23170,0
698,found,343,42.163,357.41,0,26,136,23170,23170,0
699,found,405,52.418,83.60,0,-16,162,23170,23170,0
700,found,389,56.963,150.01,0,-47,162,23170,23170,0
701,found,380,54.763,334.45,0,-66,136,23170,23170,0
