i,utc_s,fix,true_lat,true_lon,rep_lat,rep_lon,nmea_lat,nmea_lon,knots,cog,corrupted
0,36900,False,1.346368720,103.816576735,1.346369910,103.816577773,0120.78219N,10348.99467E,2.759236300,314.799757798,False
1,36901,False,1.346376530,103.816568004,1.346393755,103.816585654,0120.78363N,10348.99514E,2.576263295,311.058657947,False
2,36902,False,1.346384341,103.816559273,1.346393089,103.816560947,0120.78359N,10348.99366E,2.264468786,306.733603777,False
3,36903,True,1.346392152,103.816550543,1.346406680,103.816559946,0120.78440N,10348.99360E,2.275109071,305.613805122,False
4,36904,True,1.346399962,103.816541812,1.346415510,103.816549235,0120.78493N,10348.99295E,2.460085791,306.151405125,False
5,36905,True,1.346407773,103.816533081,1.346420810,103.816528267,0120.78525N,10348.99170E,2.289289606,312.329626201,False
6,36906,True,1.346415584,103.816524350,1.346436971,103.816531396,0120.78622N,10348.99188E,2.661755007,306.102938822,False
7,36907,True,1.346423395,103.816515620,1.346450479,103.816514237,0120.78703N,10348.99085E,2.596709104,305.932446904,False
8,36908,True,1.346431205,103.816506889,1.346445762,103.816508159,0120.78675N,10348.99049E,2.698258687,314.549627054,False
9,36909,True,1.346439016,103.816498158,1.346456674,103.816485022,0120.78740N,10348.98910E,2.927451980,316.369051839,False
10,36910,True,1.346446827,103.816489428,1.346465350,103.816477592,0120.78792N,10348.98866E,2.865767056,312.432560975,False
11,36911,True,1.346454638,103.816480697,1.346466089,103.816463398,0120.78797N,10348.98780E,2.505913733,308.330088127,False
12,36912,True,1.346462448,103.816471966,1.346488058,103.816454697,0120.78928N,10348.98728E,2.415346489,308.027459623,False
13,36913,True,1.346470259,103.816463235,1.346491077,103.816446289,0120.78946N,10348.98678E,2.547963065,307.400333810,False
14,36914,True,1.346478070,103.816454505,1.346510155,103.816439314,0120.79061N,10348.98636E,2.715140951,303.866966042,False
15,36915,True,1.346485881,103.816445774,1.346506077,103.816423093,0120.79036N,10348.98539E,2.365917336,311.650358386,False
16,36916,True,1.346493691,103.816437043,1.346518346,103.816418077,0120.79110N,10348.98508E,2.363237087,305.445927752,False
17,36917,True,1.346501502,103.816428313,1.346524265,103.816404948,0120.79146N,10348.98430E,2.717603372,316.500418139,False
18,36918,True,1.346509313,103.816419582,1.346525079,103.816401766,0120.79150N,10348.98411E,2.393707101,310.418700394,False
19,36919,True,1.346517124,103.816410851,1.346534346,103.816392113,0120.79206N,10348.98353E,2.659500177,310.009658202,False
20,36920,True,1.346524934,103.816402120,1.346538089,103.816388000,0120.79229N,10348.98328E,2.294978405,307.712594827,False
21,36921,True,1.346532745,103.816393390,1.346543227,103.816378509,0120.79259N,10348.98271E,2.371156068,315.741448087,False
22,36922,True,1.346540556,103.816384659,1.346553224,103.816363581,0120.79319N,10348.98181E,2.496342221,316.141087346,False
23,36923,True,1.346548367,103.816375928,1.346550684,103.816365071,0120.79304N,10348.98190E,2.613905920,314.990928729,False
24,36924,True,1.346556177,103.816367197,1.346569913,103.816336557,0120.79419N,10348.98019E,2.284701299,310.450498167,False
25,36925,True,1.346563988,103.816358467,1.346582722,103.816345900,0120.79496N,10348.98075E,2.615611534,308.607633442,False
26,36926,True,1.346571799,103.816349736,1.346590042,103.816337728,0120.79540N,10348.98026E,2.291267266,305.841826056,False
27,36927,True,1.346579609,103.816341005,1.346590477,103.816324237,0120.79543N,10348.97945E,2.509474168,315.621717726,False
28,36928,True,1.346587420,103.816332275,1.346594256,103.816318004,0120.79566N,10348.97908E,2.395261201,307.599105537,False
29,36929,True,1.346595231,103.816323544,1.346611280,103.816312914,0120.79668N,10348.97877E,2.577237941,314.985890309,False
30,36930,True,1.346603042,103.816314813,1.346610791,103.816301261,0120.79665N,10348.97808E,2.673445216,304.637083821,False
31,36931,True,1.346610852,103.816306082,1.346628160,103.816298034,0120.79769N,10348.97788E,2.709419135,316.830356498,False
32,36932,True,1.346618663,103.816297352,1.346630028,103.816295865,0120.79780N,10348.97775E,2.420023369,322.414819259,False
33,36933,True,1.346626474,103.816288621,1.346648434,103.816292278,0120.79891N,10348.97754E,2.391664138,299.436771184,False
34,36934,True,1.346634285,103.816279890,1.346650472,103.816288002,0120.79903N,10348.97728E,2.448098032,309.253964266,False
35,36935,True,1.346642095,103.816271159,1.346664401,103.816275378,0120.79986N,10348.97652E,2.585511276,321.449923292,False
36,36936,True,1.346649906,103.816262429,1.346677201,103.816271465,0120.80063N,10348.97629E,2.640580480,305.528301716,False
37,36937,True,1.346657717,103.816253698,1.346671847,103.816252322,0120.80031N,10348.97514E,2.526465559,310.338798421,False
38,36938,True,1.346665528,103.816244967,1.346682964,103.816242523,0120.80098N,10348.97455E,2.452538478,314.680929440,False
39,36939,True,1.346673338,103.816236237,1.346680888,103.816223423,0120.80085N,10348.97341E,2.555385496,305.416232887,False
40,36940,True,1.346681149,103.816227506,1.346695094,103.816218094,0120.80171N,10348.97309E,2.740185785,308.297966578,False
41,36941,True,1.346688960,103.816218775,1.346697565,103.816207619,0120.80185N,10348.97246E,2.620760171,311.797951619,False
42,36942,True,1.346696771,103.816210044,1.346709946,103.816199044,0120.80260N,10348.97194E,2.622863115,319.991511105,False
43,36943,True,1.346704581,103.816201314,1.346717505,103.816192954,0120.80305N,10348.97158E,2.380780609,305.046891410,False
44,36944,True,1.346712392,103.816192583,1.346729569,103.816190204,0120.80377N,10348.97141E,2.318407588,309.792495462,False
45,36945,True,1.346720203,103.816183852,1.346721561,103.816183133,0120.80329N,10348.97099E,2.510824485,302.850702827,False
46,36946,True,1.346728013,103.816175121,1.346739740,103.816176591,0120.80438N,10348.97060E,2.714910943,310.840268241,False
47,36947,True,1.346735824,103.816166391,1.346739333,103.816173526,0120.80436N,10348.97041E,2.244509323,315.612677704,False
48,36948,True,1.346743635,103.816157660,1.346737041,103.816167309,0120.80422N,10348.97004E,2.454684104,306.693154192,False
49,36949,True,1.346751446,103.816148929,1.346755363,103.816151909,0120.80532N,10348.96911E,2.279428150,304.849190436,False
50,36950,True,1.346759256,103.816140199,1.346770691,103.816143281,0120.80624N,10348.96860E,2.761468155,304.844256558,False
51,36951,True,1.346767067,103.816131468,1.346779801,103.816139220,0120.80679N,10348.96835E,2.468033085,309.010044714,False
52,36952,True,1.346774878,103.816122737,1.346785158,103.816129696,0120.80711N,10348.96778E,2.571589146,312.543197689,False
53,36953,True,1.346782689,103.816114006,1.346794967,103.816126221,0120.80770N,10348.96757E,2.742006521,311.952546874,False
54,36954,True,1.346790499,103.816105276,1.346805076,103.816110218,0120.80830N,10348.96661E,2.075352941,315.596222716,False
55,36955,True,1.346798310,103.816096545,1.346815238,103.816106597,0120.80891N,10348.96640E,2.165641662,312.256900289,False
56,36956,True,1.346806121,103.816087814,1.346810876,103.816102337,0120.80865N,10348.96614E,2.790446733,307.106457050,False
57,36957,True,1.346813932,103.816079083,1.346824104,103.816084560,0120.80945N,10348.96507E,2.807252565,318.264158433,True
58,36958,True,1.346821742,103.816070353,1.346847507,103.816074909,0120.81085N,10348.96449E,2.669643013,305.164593225,False
59,36959,True,1.346829553,103.816061622,1.346845977,103.816067359,0120.81076N,10348.96404E,2.570998301,304.507128822,False
60,36960,True,1.346837364,103.816052891,1.346867886,103.816062572,0120.81207N,10348.96375E,2.777304208,310.552038340,False
61,36961,True,1.346845175,103.816044161,1.346859999,103.816041545,0120.81160N,10348.96249E,2.664127207,304.042121884,False
62,36962,True,1.346852985,103.816035430,1.346881126,103.816037874,0120.81287N,10348.96227E,2.504655738,315.798400149,False
63,36963,True,1.346860796,103.816026699,1.346880367,103.816032492,0120.81282N,10348.96195E,2.607296976,308.430676166,False
64,36964,True,1.346868607,103.816017968,1.346886477,103.816029074,0120.81319N,10348.96174E,2.854374316,311.731043759,False
65,36965,True,1.346876418,103.816009238,1.346884426,103.815999581,0120.81307N,10348.95997E,2.419477443,316.108221512,False
66,36966,True,1.346884228,103.816000507,1.346892692,103.816001328,0120.81356N,10348.96008E,2.357902684,309.152601268,False
67,36967,True,1.346892039,103.815991776,1.346906840,103.815989823,0120.81441N,10348.95939E,2.277196885,311.177383848,False
68,36968,True,1.346899850,103.815983045,1.346910934,103.815978188,0120.81466N,10348.95869E,2.546468188,316.350318471,False
69,36969,True,1.346907660,103.815974315,1.346925091,103.815970020,0120.81551N,10348.95820E,2.523804194,307.366846160,False
70,36970,True,1.346915471,103.815965584,1.346931975,103.815978686,0120.81592N,10348.95872E,2.342183496,309.396733271,False
71,36971,True,1.346923282,103.815956853,1.346942593,103.815963138,0120.81656N,10348.95779E,2.417026149,314.751563984,False
72,36972,True,1.346931093,103.815948122,1.346939022,103.815945686,0120.81634N,10348.95674E,2.676358395,312.103296491,False
73,36973,True,1.346938903,103.815939392,1.346958309,103.815945473,0120.81750N,10348.95673E,2.849175872,322.846921505,False
74,36974,True,1.346946714,103.815930661,1.346956695,103.815930147,0120.81740N,10348.95581E,2.578596720,309.854107556,False
75,36975,True,1.346954525,103.815921930,1.346962671,103.815921778,0120.81776N,10348.95531E,2.886075882,312.857108424,False
76,36976,True,1.346962336,103.815913200,1.346973262,103.815911598,0120.81840N,10348.95470E,2.887983841,305.430847374,False
77,36977,True,1.346970146,103.815904469,1.346980216,103.815899320,0120.81881N,10348.95396E,2.503994077,313.620796154,False
78,36978,True,1.346977957,103.815895738,1.346988289,103.815893262,0120.81930N,10348.95360E,2.529552967,314.759476132,False
79,36979,True,1.346985768,103.815887007,1.346995731,103.815893348,0120.81974N,10348.95360E,2.346882670,300.737525007,False
80,36980,True,1.346993579,103.815878277,1.347009589,103.815879749,0120.82058N,10348.95278E,2.783246112,310.342733694,False
81,36981,True,1.347001389,103.815869546,1.346999354,103.815878786,0120.81996N,10348.95273E,2.448336285,316.711402337,False
82,36982,True,1.347009200,103.815860815,1.347016365,103.815877873,0120.82098N,10348.95267E,2.775733339,312.543000335,False
83,36983,True,1.347017011,103.815852084,1.347012088,103.815865858,0120.82073N,10348.95195E,2.460771402,314.735632634,False
84,36984,True,1.347024822,103.815843354,1.347026789,103.815867075,0120.82161N,10348.95202E,2.741597989,308.378351850,False
85,36985,True,1.347032632,103.815834623,1.347021577,103.815844613,0120.82129N,10348.95068E,2.391875175,308.063832719,False
86,36986,True,1.347040443,103.815825892,1.347045466,103.815839530,0120.82273N,10348.95037E,2.400413860,307.623641913,False
87,36987,True,1.347048254,103.815817162,1.347060903,103.815825579,0120.82365N,10348.94953E,2.718898921,313.509172560,False
88,36988,True,1.347056064,103.815808431,1.347058547,103.815827571,0120.82351N,10348.94965E,2.176340796,325.400054411,False
89,36989,True,1.347063875,103.815799700,1.347064453,103.815800366,0120.82387N,10348.94802E,2.274931906,311.983267672,False
90,36990,True,1.347071686,103.815790969,1.347069258,103.815815640,0120.82416N,10348.94894E,2.684136944,309.388439625,False
91,36991,True,1.347079497,103.815782239,1.347086663,103.815797122,0120.82520N,10348.94783E,1.480931419,187.093455915,False
92,36992,True,1.347073162,103.815780194,1.347078315,103.815798009,0120.82470N,10348.94788E,2.766969692,161.480879551,False
93,36993,True,1.347061925,103.815783629,1.347071929,103.815797333,0120.82432N,10348.94784E,2.622236633,159.535631696,False
94,36994,True,1.347050689,103.815787065,1.347063245,103.815801747,0120.82379N,10348.94810E,2.643064994,165.295243050,False
95,36995,True,1.347039452,103.815790500,1.347062809,103.815809763,0120.82377N,10348.94859E,2.609651783,158.050354518,False
96,36996,True,1.347028215,103.815793935,1.347040137,103.815808462,0120.82241N,10348.94851E,2.452377621,164.592494254,False
97,36997,True,1.347016978,103.815797371,1.347034894,103.815824823,0120.82209N,10348.94949E,2.402202638,160.454186494,False
98,36998,True,1.347005741,103.815800806,1.347019628,103.815815562,0120.82118N,10348.94893E,2.197982887,166.833402159,False
99,36999,True,1.346994504,103.815804241,1.347000758,103.815826044,0120.82005N,10348.94956E,2.764524845,155.945979346,False
100,37000,True,1.346983268,103.815807677,1.347000625,103.815818059,0120.82004N,10348.94908E,2.210983944,177.737448249,False
101,37001,True,1.346972031,103.815811112,1.346996340,103.815835693,0120.81978N,10348.95014E,2.571332387,155.413681355,False
102,37002,True,1.346960794,103.815814547,1.346987328,103.815831826,0120.81924N,10348.94991E,2.630840283,163.065569372,False
103,37003,True,1.346949557,103.815817983,1.346973124,103.815846105,0120.81839N,10348.95077E,2.473693358,162.809524023,False
104,37004,True,1.346938320,103.815821418,1.346970582,103.815849872,0120.81823N,10348.95099E,2.185051867,161.440310809,False
105,37005,True,1.346927083,103.815824853,1.346953016,103.815852952,0120.81718N,10348.95118E,2.564459332,163.003234260,False
106,37006,True,1.346915847,103.815828289,1.346950464,103.815848860,0120.81703N,10348.95093E,2.817756115,150.861857993,False
107,37007,True,1.346904610,103.815831724,1.346936518,103.815849034,0120.81619N,10348.95094E,2.644350347,163.913140590,False
108,37008,True,1.346893373,103.815835159,1.346931693,103.815853019,0120.81590N,10348.95118E,2.718238117,164.266876017,False
109,37009,True,1.346882136,103.815838595,1.346917925,103.815856487,0120.81508N,10348.95139E,2.623257047,163.132400933,False
110,37010,True,1.346870899,103.815842030,1.346901915,103.815860033,0120.81411N,10348.95160E,2.650523645,162.444349849,False
111,37011,True,1.346859662,103.815845465,1.346884925,103.815854516,0120.81310N,10348.95127E,2.401626005,167.451403118,False
112,37012,True,1.346848425,103.815848901,1.346874057,103.815858844,0120.81244N,10348.95153E,2.522081312,159.821419075,False
113,37013,True,1.346837189,103.815852336,1.346862491,103.815870747,0120.81175N,10348.95224E,2.378969757,159.203625172,False
114,37014,True,1.346825952,103.815855771,1.346853645,103.815878961,0120.81122N,10348.95274E,2.640681461,162.884986285,False
115,37015,True,1.346814715,103.815859207,1.346838662,103.815877313,0120.81032N,10348.95264E,2.562662542,172.477964918,False
116,37016,True,1.346803478,103.815862642,1.346826873,103.815881641,0120.80961N,10348.95290E,2.037207735,159.336985014,False
117,37017,True,1.346792241,103.815866077,1.346825656,103.815881145,0120.80954N,10348.95287E,2.265960226,160.785406272,False
118,37018,True,1.346781004,103.815869513,1.346805050,103.815889534,0120.80830N,10348.95337E,2.300592401,160.362200902,False
119,37019,True,1.346769768,103.815872948,1.346799101,103.815875504,0120.80795N,10348.95253E,2.610302385,165.186948695,False
120,37020,True,1.346758531,103.815876383,1.346789679,103.815906210,0120.80738N,10348.95437E,2.659744655,158.616972741,False
121,37021,True,1.346747294,103.815879819,1.346768929,103.815907491,0120.80614N,10348.95445E,2.121062595,165.692889452,False
122,37022,True,1.346736057,103.815883254,1.346762261,103.815908269,0120.80574N,10348.95450E,2.637163792,158.911798399,False
123,37023,True,1.346724820,103.815886689,1.346754426,103.815920165,0120.80527N,10348.95521E,2.278158399,166.156842848,False
124,37024,True,1.346713583,103.815890125,1.346746051,103.815914381,0120.80476N,10348.95486E,2.224311381,160.377503358,False
125,37025,True,1.346702347,103.815893560,1.346727991,103.815922109,0120.80368N,10348.95533E,2.606054023,172.934527354,False
126,37026,True,1.346691110,103.815896995,1.346716582,103.815917476,0120.80299N,10348.95505E,2.412768092,156.757672957,False
127,37027,True,1.346679873,103.815900431,1.346721335,103.815920674,0120.80328N,10348.95524E,2.203035232,163.796915140,False
128,37028,True,1.346668636,103.815903866,1.346712275,103.815927761,0120.80274N,10348.95567E,2.642568452,164.259086449,False
129,37029,True,1.346657399,103.815907301,1.346698024,103.815919557,0120.80188N,10348.95517E,2.266033746,161.259246905,False
130,37030,True,1.346646162,103.815910736,1.346689205,103.815927707,0120.80135N,10348.95566E,2.448864731,169.728377406,False
131,37031,True,1.346634926,103.815914172,1.346672614,103.815923493,0120.80036N,10348.95541E,2.705969126,164.281166050,False
132,37032,True,1.346623689,103.815917607,1.346648419,103.815931167,0120.79891N,10348.95587E,2.091802189,156.099829857,False
133,37033,True,1.346612452,103.815921042,1.346643415,103.815930942,0120.79860N,10348.95586E,2.675138214,164.762929003,False
134,37034,True,1.346601215,103.815924478,1.346632055,103.815932613,0120.79792N,10348.95596E,2.467000137,162.809109922,False
135,37035,True,1.346589978,103.815927913,1.346639944,103.815938022,0120.79840N,10348.95628E,2.835118617,164.819807001,False
136,37036,True,1.346578741,103.815931348,1.346625806,103.815936281,0120.79755N,10348.95618E,2.387116805,167.462565334,False
137,37037,True,1.346567505,103.815934784,1.346628656,103.815938089,0120.79772N,10348.95629E,2.479686844,156.500157225,False
138,37038,True,1.346556268,103.815938219,1.346600991,103.815947078,0120.79606N,10348.95682E,2.517424760,169.169081280,False
139,37039,True,1.346545031,103.815941654,1.346601402,103.815960933,0120.79608N,10348.95766E,2.099967809,158.657862915,False
140,37040,True,1.346533794,103.815945090,1.346583814,103.815945329,0120.79503N,10348.95672E,2.565988558,160.712153918,False
141,37041,True,1.346522557,103.815948525,1.346578643,103.815947397,0120.79472N,10348.95684E,2.373222083,156.285899919,False
142,37042,True,1.346511320,103.815951960,1.346567664,103.815967431,0120.79406N,10348.95805E,2.320811188,159.931102139,False
143,37043,True,1.346500084,103.815955396,1.346546218,103.815979667,0120.79277N,10348.95878E,2.943809054,154.476765440,False
144,37044,True,1.346488847,103.815958831,1.346540916,103.815969497,0120.79245N,10348.95817E,2.059371403,170.097740522,False
145,37045,True,1.346477610,103.815962266,1.346523508,103.815987424,0120.79141N,10348.95925E,2.567119500,157.657659012,False
146,37046,True,1.346466373,103.815965702,1.346512631,103.815986085,0120.79076N,10348.95917E,2.527380816,165.486048809,False
147,37047,True,1.346455136,103.815969137,1.346492427,103.815987649,0120.78955N,10348.95926E,2.553486816,160.569978815,False
148,37048,True,1.346443899,103.815972572,1.346481927,103.816001181,0120.78892N,10348.96007E,2.104910739,160.454648091,False
149,37049,True,1.346432662,103.815976008,1.346483402,103.816006729,0120.78900N,10348.96040E,2.443756003,160.452239459,False
150,37050,True,1.346421426,103.815979443,1.346457036,103.816006444,0120.78742N,10348.96039E,2.456682485,171.696953951,False
151,37051,True,1.346410189,103.815982878,1.346454645,103.816006170,0120.78728N,10348.96037E,2.404974155,161.641008543,False
152,37052,True,1.346398952,103.815986314,1.346454033,103.815999719,0120.78724N,10348.95998E,2.487589822,169.437978980,False
153,37053,True,1.346387715,103.815989749,1.346447259,103.816008900,0120.78684N,10348.96053E,2.884454532,159.506519657,False
154,37054,True,1.346376478,103.815993184,1.346419829,103.816032208,0120.78519N,10348.96193E,2.519588797,156.446296630,False
155,37055,True,1.346365241,103.815996620,1.346430588,103.816039367,0120.78584N,10348.96236E,2.928978217,165.981004976,False
156,37056,True,1.346354005,103.816000055,1.346394229,103.816029099,0120.78365N,10348.96175E,2.657917856,161.080780709,False
157,37057,True,1.346342768,103.816003490,1.346387283,103.816022619,0120.78324N,10348.96136E,2.670051397,163.483394925,False
158,37058,True,1.346331531,103.816006926,1.346375248,103.816024338,0120.78251N,10348.96146E,2.238399730,158.360289302,False
159,37059,True,1.346320294,103.816010361,1.346369937,103.816030534,0120.78220N,10348.96183E,2.207551265,160.279426798,False
160,37060,True,1.346309057,103.816013796,1.346345018,103.816033993,0120.78070N,10348.96204E,2.584630691,159.975779905,False
161,37061,True,1.346297820,103.816017232,1.346340670,103.816043049,0120.78044N,10348.96258E,2.086517657,173.101635527,False
162,37062,True,1.346286584,103.816020667,1.346323163,103.816046823,0120.77939N,10348.96281E,2.466742819,157.689688122,False
163,37063,True,1.346275347,103.816024102,1.346305946,103.816045652,0120.77836N,10348.96274E,2.500692482,166.010695696,False
164,37064,True,1.346264110,103.816027538,1.346291785,103.816049401,0120.77751N,10348.96296E,2.309143708,159.376536079,False
165,37065,True,1.346252873,103.816030973,1.346288251,103.816052099,0120.77730N,10348.96313E,2.426848226,169.250441356,False
166,37066,True,1.346241636,103.816034408,1.346270514,103.816056499,0120.77623N,10348.96339E,2.720912614,157.465577683,False
167,37067,True,1.346230399,103.816037843,1.346280614,103.816052030,0120.77684N,10348.96312E,2.238168704,156.732590435,False
168,37068,True,1.346219163,103.816041279,1.346249933,103.816063547,0120.77500N,10348.96381E,2.926979840,157.718905375,False
169,37069,True,1.346207926,103.816044714,1.346244281,103.816061099,0120.77466N,10348.96367E,2.592817048,171.995238770,False
170,37070,True,1.346196689,103.816048149,1.346242691,103.816068621,0120.77456N,10348.96412E,2.541909627,160.050818045,False
171,37071,True,1.346185452,103.816051585,1.346219768,103.816065487,0120.77319N,10348.96393E,2.389072376,163.547511778,False
172,37072,True,1.346174215,103.816055020,1.346220884,103.816081530,0120.77325N,10348.96489E,2.548776371,163.218674827,False
173,37073,True,1.346162978,103.816058455,1.346195709,103.816073042,0120.77174N,10348.96438E,2.716895562,160.229681717,False
174,37074,True,1.346151742,103.816061891,1.346182447,103.816077995,0120.77095N,10348.96468E,2.287715795,165.756468034,False
175,37075,True,1.346140505,103.816065326,1.346176919,103.816071059,0120.77062N,10348.96426E,2.311256709,158.469816156,False
176,37076,True,1.346129268,103.816068761,1.346155692,103.816076566,0120.76934N,10348.96459E,2.613490489,163.214538280,False
177,37077,True,1.346118031,103.816072197,1.346151478,103.816081916,0120.76909N,10348.96491E,2.938355656,155.551250662,False
178,37078,True,1.346106794,103.816075632,1.346148693,103.816075158,0120.76892N,10348.96451E,2.403363784,166.481375502,False
179,37079,True,1.346095557,103.816079067,1.346137462,103.816084907,0120.76825N,10348.96509E,2.611077729,159.497534521,False
180,37080,True,1.346084321,103.816082503,1.346116867,103.816098708,0120.76701N,10348.96592E,3.069800650,170.293255568,False
181,37081,True,1.346073084,103.816085938,1.346082865,103.816085971,0120.76497N,10348.96516E,2.395947851,158.868995050,False
182,37082,True,1.346061847,103.816089373,1.346073862,103.816098685,0120.76443N,10348.96592E,2.439006379,169.013609715,False
183,37083,True,1.346050610,103.816092809,1.346058245,103.816094496,0120.76349N,10348.96567E,2.621624029,164.621761567,False
184,37084,True,1.346039373,103.816096244,1.346061376,103.816097950,0120.76368N,10348.96588E,2.735130450,161.026949499,False
185,37085,True,1.346028136,103.816099679,1.346049473,103.816095102,0120.76297N,10348.96571E,2.814915696,164.637375519,False
186,37086,True,1.346016899,103.816103115,1.346038638,103.816106148,0120.76232N,10348.96637E,2.525590387,169.362198979,False
187,37087,True,1.346005663,103.816106550,1.346023167,103.816109089,0120.76139N,10348.96655E,2.632696805,159.138042750,False
188,37088,True,1.345994426,103.816109985,1.346012570,103.816120716,0120.76075N,10348.96724E,2.626206267,164.381251946,False
189,37089,True,1.345983189,103.816113421,1.346003338,103.816121484,0120.76020N,10348.96729E,2.588511519,164.127733857,False
190,37090,True,1.345971952,103.816116856,1.346001230,103.816099149,0120.76007N,10348.96595E,2.406559141,162.304853299,False
191,37091,True,1.345960715,103.816120291,1.345991902,103.816119315,0120.75951N,10348.96716E,2.656012138,159.207670764,False
192,37092,True,1.345949478,103.816123727,1.345976173,103.816127955,0120.75857N,10348.96768E,2.691141697,164.163273679,False
193,37093,True,1.345938242,103.816127162,1.345957345,103.816125695,0120.75744N,10348.96754E,2.621018655,160.827681902,False
194,37094,True,1.345927005,103.816130597,1.345950263,103.816131593,0120.75702N,10348.96790E,2.575108048,172.647357457,False
195,37095,True,1.345915768,103.816134033,1.345932295,103.816134077,0120.75594N,10348.96804E,4.063457990,127.865695346,False
196,37096,True,1.345905579,103.816147441,1.345931606,103.816125780,0120.75590N,10348.96755E,2.093512994,109.052671695,False
197,37097,True,1.345902433,103.816158696,1.345928637,103.816148739,0120.75572N,10348.96892E,2.603940717,109.968352572,False
198,37098,True,1.345899286,103.816169951,1.345913603,103.816168582,0120.75482N,10348.97011E,2.483645453,107.889162655,False
199,37099,True,1.345896139,103.816181206,1.345931409,103.816177760,0120.75588N,10348.97067E,2.645910148,108.672957934,False
200,37100,True,1.345892993,103.816192461,1.345928754,103.816196254,0120.75573N,10348.97178E,2.762016117,108.761218788,False
201,37101,True,1.345889846,103.816203716,1.345911016,103.816193068,0120.75466N,10348.97158E,2.831421778,104.470812602,False
202,37102,True,1.345886700,103.816214971,1.345922682,103.816205645,0120.75536N,10348.97234E,2.353129462,110.453919266,False
203,37103,True,1.345883553,103.816226227,1.345916256,103.816226243,0120.75498N,10348.97357E,2.538831844,100.501109809,False
204,37104,True,1.345880406,103.816237482,1.345919575,103.816229290,0120.75517N,10348.97376E,2.580721582,108.826473755,False
205,37105,True,1.345877260,103.816248737,1.345915806,103.816245098,0120.75495N,10348.97471E,2.466035105,113.636498978,False
206,37106,True,1.345874113,103.816259992,1.345907070,103.816250813,0120.75442N,10348.97505E,2.431143398,102.758150729,False
207,37107,True,1.345870967,103.816271247,1.345904933,103.816261263,0120.75430N,10348.97568E,2.696121827,101.919371840,False
208,37108,True,1.345867820,103.816282502,1.345895905,103.816267712,0120.75375N,10348.97606E,2.692171830,105.797122825,False
209,37109,True,1.345864673,103.816293757,1.345896066,103.816293688,0120.75376N,10348.97762E,2.259918772,106.707105602,False
210,37110,True,1.345861527,103.816305013,1.345884047,103.816292426,0120.75304N,10348.97755E,2.832283712,100.530606258,False
211,37111,True,1.345858380,103.816316268,1.345879961,103.816296125,0120.75280N,10348.97777E,2.695945969,105.105922398,False
212,37112,True,1.345855234,103.816327523,1.345870400,103.816324472,0120.75222N,10348.97947E,2.385088914,112.559862796,False
213,37113,True,1.345852087,103.816338778,1.345865527,103.816327427,0120.75193N,10348.97965E,2.555561136,110.370879028,False
214,37114,True,1.345848940,103.816350033,1.345866449,103.816344197,0120.75199N,10348.98065E,2.702380032,102.645761793,False
215,37115,True,1.345845794,103.816361288,1.345867642,103.816337896,0120.75206N,10348.98027E,2.712880532,108.245457078,False
216,37116,True,1.345842647,103.816372543,1.345873382,103.816356382,0120.75240N,10348.98138E,2.827094405,108.280012372,False
217,37117,True,1.345839501,103.816383799,1.345851005,103.816365157,0120.75106N,10348.98191E,2.338497115,100.763158657,False
218,37118,True,1.345836354,103.816395054,1.345838489,103.816363638,0120.75031N,10348.98182E,2.562218174,108.031006431,False
219,37119,True,1.345833207,103.816406309,1.345848675,103.816379721,0120.75092N,10348.98278E,2.398729217,113.546625833,False
220,37120,True,1.345830061,103.816417564,1.345841207,103.816389010,0120.75047N,10348.98334E,2.520186289,103.612278223,False
221,37121,True,1.345826914,103.816428819,1.345844127,103.816401478,0120.75065N,10348.98409E,2.960819913,108.155544548,False
222,37122,True,1.345823768,103.816440074,1.345828850,103.816412226,0120.74973N,10348.98473E,2.645306369,99.616975067,False
223,37123,True,1.345820621,103.816451330,1.345837701,103.816428294,0120.75026N,10348.98570E,2.794598690,95.607771469,False
224,37124,True,1.345817474,103.816462585,1.345825976,103.816429878,0120.74956N,10348.98579E,2.700051673,108.736609874,False
225,37125,True,1.345814328,103.816473840,1.345822989,103.816440535,0120.74938N,10348.98643E,2.687418531,114.333250856,False
226,37126,True,1.345811181,103.816485095,1.345818776,103.816434838,0120.74913N,10348.98609E,2.874154504,107.224192627,False
227,37127,True,1.345808035,103.816496350,1.345818489,103.816449267,0120.74911N,10348.98696E,2.541331911,100.888686042,False
228,37128,True,1.345804888,103.816507605,1.345820699,103.816464884,0120.74924N,10348.98789E,2.059504472,109.231562583,False
229,37129,True,1.345801741,103.816518860,1.345811447,103.816471585,0120.74869N,10348.98830E,2.650208072,102.404811094,False
230,37130,True,1.345798595,103.816530116,1.345799585,103.816493490,0120.74798N,10348.98961E,2.586279160,110.581354268,False
231,37131,True,1.345795448,103.816541371,1.345810288,103.816512269,0120.74862N,10348.99074E,2.268297587,103.046531868,False
232,37132,True,1.345792302,103.816552626,1.345796078,103.816515278,0120.74776N,10348.99092E,2.446081935,100.545300680,False
233,37133,True,1.345789155,103.816563881,1.345797795,103.816527553,0120.74787N,10348.99165E,2.731102126,104.214606634,False
234,37134,True,1.345786008,103.816575136,1.345771729,103.816537341,0120.74630N,10348.99224E,2.495765757,106.816525966,False
235,37135,True,1.345782862,103.816586391,1.345771186,103.816570168,0120.74627N,10348.99421E,2.608928895,95.642018726,False
236,37136,True,1.345779715,103.816597646,1.345768858,103.816561808,0120.74613N,10348.99371E,2.241633733,111.773659191,False
237,37137,True,1.345776569,103.816608902,1.345751975,103.816577324,0120.74512N,10348.99464E,2.625596743,108.861444486,False
238,37138,True,1.345773422,103.816620157,1.345761122,103.816591794,0120.74567N,10348.99551E,2.247936190,110.844280802,False
239,37139,True,1.345770275,103.816631412,1.345773286,103.816630256,0120.74640N,10348.99782E,2.095122766,107.017468290,False
240,37140,True,1.345767129,103.816642667,1.345742511,103.816629897,0120.74455N,10348.99779E,2.398686930,93.698010801,False
241,37141,True,1.345763982,103.816653922,1.345742402,103.816635232,0120.74454N,10348.99811E,2.636058999,104.715687116,False
242,37142,True,1.345760836,103.816665177,1.345741549,103.816621109,0120.74449N,10348.99727E,2.389341865,105.582644719,False
243,37143,True,1.345757689,103.816676432,1.345749570,103.816653008,0120.74497N,10348.99918E,2.378142734,105.108308702,False
244,37144,True,1.345754542,103.816687688,1.345750531,103.816667515,0120.74503N,10349.00005E,2.417697629,96.812176089,False
245,37145,True,1.345751396,103.816698943,1.345741661,103.816672571,0120.74450N,10349.00035E,2.323106348,102.718212826,False
246,37146,True,1.345748249,103.816710198,1.345738629,103.816670076,0120.74432N,10349.00020E,2.663065587,106.817455731,False
247,37147,True,1.345745103,103.816721453,1.345740533,103.816693306,0120.74443N,10349.00160E,2.580572611,112.769019360,False
248,37148,True,1.345741956,103.816732708,1.345740920,103.816697779,0120.74446N,10349.00187E,2.408614158,104.369017474,False
249,37149,True,1.345738809,103.816743963,1.345726039,103.816712233,0120.74356N,10349.00273E,2.571170243,112.009917537,False
250,37150,True,1.345735663,103.816755218,1.345748414,103.816709502,0120.74490N,10349.00257E,2.669163318,107.481988063,False
251,37151,True,1.345732516,103.816766474,1.345726578,103.816725107,0120.74359N,10349.00351E,2.622253982,100.736612198,False
252,37152,True,1.345729370,103.816777729,1.345726953,103.816735661,0120.74362N,10349.00414E,2.906368515,104.837397923,False
253,37153,True,1.345726223,103.816788984,1.345725261,103.816748629,0120.74352N,10349.00492E,2.574068995,107.631503520,False
254,37154,True,1.345723076,103.816800239,1.345727075,103.816776122,0120.74362N,10349.00657E,2.722040348,104.835082605,False
255,37155,True,1.345719930,103.816811494,1.345709791,103.816768993,0120.74259N,10349.00614E,2.182035789,106.683566622,False
256,37156,True,1.345716783,103.816822749,1.345702103,103.816782220,0120.74213N,10349.00693E,2.537504440,106.926521629,False
257,37157,True,1.345713637,103.816834004,1.345704681,103.816801441,0120.74228N,10349.00809E,2.550817653,107.305223848,False
258,37158,True,1.345710490,103.816845260,1.345687439,103.816792349,0120.74125N,10349.00754E,2.551982374,100.202415023,False
259,37159,True,1.345707343,103.816856515,1.345696993,103.816812554,0120.74182N,10349.00875E,2.433395207,114.053518085,False
260,37160,True,1.345704197,103.816867770,1.345679925,103.816832238,0120.74080N,10349.00993E,2.837848738,110.948909613,False
261,37161,True,1.345701050,103.816879025,1.345691791,103.816854267,0120.74151N,10349.01126E,2.714770442,105.931314883,False
262,37162,True,1.345697903,103.816890280,1.345701561,103.816855204,0120.74209N,10349.01131E,2.288157397,105.212580435,False
263,37163,True,1.345694757,103.816901535,1.345689546,103.816855027,0120.74137N,10349.01130E,2.513096192,103.001531683,False
264,37164,True,1.345691610,103.816912790,1.345695964,103.816870492,0120.74176N,10349.01223E,2.421915983,108.263001875,False
265,37165,True,1.345688464,103.816924046,1.345685230,103.816895735,0120.74111N,10349.01374E,2.304339544,100.893149867,False
266,37166,True,1.345685317,103.816935301,1.345687641,103.816921593,0120.74126N,10349.01530E,2.736574324,103.471177762,False
267,37167,True,1.345682170,103.816946556,1.345665963,103.816929589,0120.73996N,10349.01578E,2.467542079,104.863241624,False
268,37168,True,1.345679024,103.816957811,1.345671371,103.816928988,0120.74028N,10349.01574E,2.350720981,102.647053534,False
269,37169,True,1.345675877,103.816969066,1.345682125,103.816943834,0120.74093N,10349.01663E,2.666962234,100.997770675,False
270,37170,True,1.345672731,103.816980321,1.345656681,103.816964766,0120.73940N,10349.01789E,2.432873367,106.565849798,False
271,37171,True,1.345669584,103.816991576,1.345669079,103.816969666,0120.74014N,10349.01818E,2.508395769,112.706983223,False
272,37172,True,1.345666437,103.817002832,1.345649495,103.816979636,0120.73897N,10349.01878E,2.734716350,106.581153751,False
273,37173,True,1.345663291,103.817014087,1.345660297,103.816985612,0120.73962N,10349.01914E,2.661455855,105.213203111,False
274,37174,True,1.345660144,103.817025342,1.345655490,103.817004981,0120.73933N,10349.02030E,2.870501351,104.453417619,False
275,37175,True,1.345656998,103.817036597,1.345642771,103.816997996,0120.73857N,10349.01988E,2.355962032,111.170299656,False
276,37176,True,1.345653851,103.817047852,1.345633555,103.817021334,0120.73801N,10349.02128E,2.490772505,107.309350892,False
277,37177,True,1.345650704,103.817059107,1.345636149,103.817033039,0120.73817N,10349.02198E,2.652418294,107.185938963,False
278,37178,True,1.345647558,103.817070362,1.345638863,103.817038765,0120.73833N,10349.02233E,2.696351960,102.197697496,False
279,37179,True,1.345644411,103.817081618,1.345629647,103.817059642,0120.73778N,10349.02358E,2.328725430,110.355182168,False
280,37180,True,1.345641265,103.817092873,1.345628351,103.817064595,0120.73770N,10349.02388E,2.493616961,104.140754546,False
281,37181,True,1.345638118,103.817104128,1.345634248,103.817089389,0120.73805N,10349.02536E,2.076867491,117.736406882,False
282,37182,True,1.345634971,103.817115383,1.345626022,103.817088010,0120.73756N,10349.02528E,2.646214719,109.499495986,False
283,37183,True,1.345631825,103.817126638,1.345618579,103.817105323,0120.73711N,10349.02632E,2.522979247,105.310902972,False
284,37184,True,1.345628678,103.817137893,1.345627182,103.817106802,0120.73763N,10349.02641E,2.635410019,109.874578734,False
285,37185,True,1.345625532,103.817149149,1.345633915,103.817126059,0120.73803N,10349.02756E,2.349913305,105.509949127,False
286,37186,True,1.345622385,103.817160404,1.345615135,103.817148611,0120.73691N,10349.02892E,2.275265677,104.235109150,False
287,37187,True,1.345619238,103.817171659,1.345607370,103.817152807,0120.73644N,10349.02917E,2.645158224,98.387597229,False
288,37188,True,1.345616092,103.817182914,1.345619205,103.817177912,0120.73715N,10349.03067E,2.677041081,98.661035638,False
289,37189,True,1.345612945,103.817194169,1.345613340,103.817181782,0120.73680N,10349.03091E,2.628566255,107.846032068,False
290,37190,True,1.345609799,103.817205424,1.345622919,103.817188151,0120.73738N,10349.03129E,2.588418058,101.999222929,False
291,37191,True,1.345606652,103.817216679,1.345608234,103.817187234,0120.73649N,10349.03123E,2.498210756,108.236100692,False
292,37192,True,1.345603505,103.817227935,1.345601197,103.817213374,0120.73607N,10349.03280E,2.115173011,103.456750078,False
293,37193,True,1.345600359,103.817239190,1.345592159,103.817219746,0120.73553N,10349.03318E,2.557164651,103.984945554,False
294,37194,True,1.345597212,103.817250445,1.345592851,103.817242478,0120.73557N,10349.03455E,2.446135084,105.667104828,False
295,37195,True,1.345594066,103.817261700,1.345602624,103.817263070,0120.73616N,10349.03578E,2.661946236,108.069387284,False
296,37196,True,1.345590919,103.817272955,1.345586564,103.817268731,0120.73519N,10349.03612E,2.466436649,113.394238525,False
297,37197,True,1.345587772,103.817284210,1.345588364,103.817273278,0120.73530N,10349.03640E,2.790146767,106.524119858,False
298,37198,True,1.345584626,103.817295465,1.345587197,103.817286685,0120.73523N,10349.03720E,2.535314633,106.415422162,False
299,37199,True,1.345581479,103.817306721,1.345573046,103.817302632,0120.73438N,10349.03816E,2.745351209,105.687710907,False
300,37200,True,1.345578332,103.817317976,1.345580337,103.817316305,0120.73482N,10349.03898E,2.532642275,116.276033405,False
301,37201,True,1.345575186,103.817329231,1.345559507,103.817321234,0120.73357N,10349.03927E,2.351584274,100.071165291,False
302,37202,True,1.345572039,103.817340486,1.345556847,103.817321592,0120.73341N,10349.03930E,2.672121897,109.982857896,False
303,37203,True,1.345568893,103.817351741,1.345550108,103.817351447,0120.73301N,10349.04109E,2.676053745,112.228022639,False
304,37204,True,1.345565746,103.817362996,1.345534520,103.817363793,0120.73207N,10349.04183E,2.312146994,105.409609208,False
305,37205,True,1.345562599,103.817374251,1.345551086,103.817367068,0120.73307N,10349.04202E,2.475493303,100.750461460,False
306,37206,True,1.345559453,103.817385507,1.345557304,103.817386805,0120.73344N,10349.04321E,2.698427109,114.742198538,False
307,37207,True,1.345556306,103.817396762,1.345545813,103.817399275,0120.73275N,10349.04396E,2.687083290,111.033915301,False
308,37208,True,1.345553160,103.817408017,1.345555816,103.817429818,0120.73335N,10349.04579E,2.717148906,106.266083357,False
309,37209,True,1.345550013,103.817419272,1.345532046,103.817420625,0120.73192N,10349.04524E,2.618438226,105.363311978,False
310,37210,True,1.345546866,103.817430527,1.345526080,103.817439772,0120.73156N,10349.04639E,2.751693130,105.182394910,False
311,37211,True,1.345543720,103.817441782,1.345531066,103.817450689,0120.73186N,10349.04704E,2.547724993,96.751872183,False
312,37212,True,1.345540573,103.817453037,1.345544077,103.817469688,0120.73264N,10349.04818E,2.378997931,110.233111373,False
313,37213,True,1.345537427,103.817464293,1.345545128,103.817487222,0120.73271N,10349.04923E,2.592167093,109.215291466,False
314,37214,True,1.345534280,103.817475548,1.345539560,103.817482268,0120.73237N,10349.04894E,2.512685292,104.394579117,False
315,37215,True,1.345531133,103.817486803,1.345525151,103.817510563,0120.73151N,10349.05063E,3.006840565,105.984553927,False
316,37216,True,1.345527987,103.817498058,1.345538891,103.817501778,0120.73233N,10349.05011E,2.142766270,106.140208452,False
317,37217,True,1.345524840,103.817509313,1.345526106,103.817519452,0120.73157N,10349.05117E,2.810038746,106.547927042,False
318,37218,True,1.345521694,103.817520568,1.345513830,103.817521267,0120.73083N,10349.05128E,2.333982991,106.400242473,False
319,37219,True,1.345518547,103.817531823,1.345516300,103.817534478,0120.73098N,10349.05207E,2.509177199,98.180494453,False
320,37220,True,1.345515400,103.817543079,1.345524882,103.817553991,0120.73149N,10349.05324E,2.661406431,101.246254485,False
321,37221,True,1.345512254,103.817554334,1.345525299,103.817574939,0120.73152N,10349.05450E,2.520200204,102.420349622,False
322,37222,True,1.345509107,103.817565589,1.345506229,103.817578694,0120.73037N,10349.05472E,2.926238761,106.088613165,False
323,37223,True,1.345505961,103.817576844,1.345505559,103.817577916,0120.73033N,10349.05467E,2.408024433,106.014055624,False
324,37224,True,1.345502814,103.817588099,1.345517901,103.817599491,0120.73107N,10349.05597E,2.885630212,103.318985951,False
325,37225,True,1.345499667,103.817599354,1.345498940,103.817609409,0120.72994N,10349.05656E,2.177525593,116.721858162,False
326,37226,True,1.345496521,103.817610609,1.345502356,103.817597390,0120.73014N,10349.05584E,2.436401968,114.539918068,False
327,37227,True,1.345493374,103.817621865,1.345494649,103.817630538,0120.72968N,10349.05783E,2.104724926,103.183512907,False
328,37228,True,1.345490227,103.817633120,1.345493658,103.817652398,0120.72962N,10349.05914E,2.998315734,105.820460748,False
329,37229,True,1.345487081,103.817644375,1.345480915,103.817653532,0120.72885N,10349.05921E,2.403568319,110.987142181,False
330,37230,True,1.345483934,103.817655630,1.345491429,103.817652886,0120.72949N,10349.05917E,2.740111769,106.428336152,False
331,37231,True,1.345480788,103.817666885,1.345489404,103.817667315,0120.72936N,10349.06004E,2.779890714,109.677043051,False
332,37232,True,1.345477641,103.817678140,1.345488715,103.817691793,0120.72932N,10349.06151E,2.779063564,99.790848835,False
333,37233,True,1.345474494,103.817689395,1.345478847,103.817700325,0120.72873N,10349.06202E,2.704241873,101.870526831,False
334,37234,True,1.345471348,103.817700651,1.345467879,103.817700546,0120.72807N,10349.06203E,2.740593863,108.865805401,False
335,37235,True,1.345468201,103.817711906,1.345482918,103.817699967,0120.72898N,10349.06200E,2.769263614,103.968545688,False
336,37236,True,1.345465055,103.817723161,1.345489831,103.817725652,0120.72939N,10349.06354E,2.610043383,101.054817079,False
337,37237,True,1.345461908,103.817734416,1.345474969,103.817729078,0120.72850N,10349.06374E,2.346407927,102.329486918,False
338,37238,True,1.345458761,103.817745671,1.345463848,103.817746795,0120.72783N,10349.06481E,3.990463737,127.415765761,False
339,37239,True,1.345446627,103.817759868,1.345450083,103.817761321,0120.72700N,10349.06568E,2.549576590,154.874010199,False
340,37240,True,1.345436708,103.817766139,1.345440424,103.817769848,0120.72643N,10349.06619E,3.023851490,151.203521983,False
341,37241,True,1.345426790,103.817772411,1.345429077,103.817771794,0120.72574N,10349.06631E,2.415006808,146.687903192,False
342,37242,True,1.345416871,103.817778682,1.345423838,103.817780502,0120.72543N,10349.06683E,2.541423491,146.023010228,False
343,37243,True,1.345406952,103.817784954,1.345404461,103.817787136,0120.72427N,10349.06723E,2.558026090,155.112043466,False
344,37244,True,1.345397033,103.817791225,1.345396414,103.817799014,0120.72378N,10349.06794E,2.380972302,143.065014480,False
345,37245,True,1.345387115,103.817797496,1.345396111,103.817810992,0120.72377N,10349.06866E,2.390740919,151.992741239,False
346,37246,True,1.345377196,103.817803768,1.345379522,103.817816551,0120.72277N,10349.06899E,2.360608489,148.488525229,False
347,37247,True,1.345367277,103.817810039,1.345370520,103.817813810,0120.72223N,10349.06883E,2.446778270,146.945117433,False
348,37248,True,1.345357359,103.817816311,1.345367183,103.817832403,0120.72203N,10349.06994E,2.544658424,147.197725000,False
349,37249,True,1.345347440,103.817822582,1.345358705,103.817819520,0120.72152N,10349.06917E,2.772352900,144.085958949,False
350,37250,True,1.345337521,103.817828854,1.345351616,103.817835439,0120.72110N,10349.07013E,2.236896010,141.260309573,False
351,37251,True,1.345327603,103.817835125,1.345336356,103.817842091,0120.72018N,10349.07053E,2.620827050,152.201285030,False
352,37252,True,1.345317684,103.817841396,1.345313696,103.817847553,0120.71882N,10349.07085E,2.554951072,144.213693995,False
353,37253,True,1.345307765,103.817847668,1.345311594,103.817851468,0120.71870N,10349.07109E,2.546617183,148.237766913,False
354,37254,True,1.345297846,103.817853939,1.345294217,103.817850734,0120.71765N,10349.07104E,2.473340928,145.749327827,False
355,37255,True,1.345287928,103.817860211,1.345313559,103.817874194,0120.71881N,10349.07245E,2.635490045,151.640378536,False
356,37256,True,1.345278009,103.817866482,1.345297366,103.817872507,0120.71784N,10349.07235E,2.580366329,146.299006788,False
357,37257,True,1.345268090,103.817872753,1.345277409,103.817882254,0120.71664N,10349.07294E,2.562761005,145.123268268,False
358,37258,True,1.345258172,103.817879025,1.345263021,103.817874863,0120.71578N,10349.07249E,2.866911118,153.467714103,False
359,37259,True,1.345248253,103.817885296,1.345257008,103.817889656,0120.71542N,10349.07338E,2.470623488,141.793952968,False
360,37260,True,1.345238334,103.817891568,1.345231459,103.817887230,0120.71389N,10349.07323E,2.557111229,153.085489117,False
361,37261,True,1.345228416,103.817897839,1.345230544,103.817915291,0120.71383N,10349.07492E,2.810397437,147.953082980,False
362,37262,True,1.345218497,103.817904110,1.345218389,103.817920463,0120.71310N,10349.07523E,2.231803671,144.662967092,False
363,37263,True,1.345208578,103.817910382,1.345220460,103.817928960,0120.71323N,10349.07574E,2.684300318,154.039300754,False
364,37264,True,1.345198659,103.817916653,1.345211798,103.817910892,0120.71271N,10349.07465E,2.247245957,143.926719075,False
365,37265,True,1.345188741,103.817922925,1.345182781,103.817940295,0120.71097N,10349.07642E,2.351853056,144.378507883,False
366,37266,True,1.345178822,103.817929196,1.345185363,103.817939957,0120.71112N,10349.07640E,2.284474783,154.904780205,False
367,37267,True,1.345168903,103.817935468,1.345184446,103.817950293,0120.71107N,10349.07702E,2.611064952,143.675093351,False
368,37268,True,1.345158985,103.817941739,1.345162295,103.817945806,0120.70974N,10349.07675E,2.890267705,146.552472913,False
369,37269,True,1.345149066,103.817948010,1.345154381,103.817949976,0120.70926N,10349.07700E,2.552389800,143.662291838,False
370,37270,True,1.345139147,103.817954282,1.345155581,103.817961047,0120.70933N,10349.07766E,1.886660426,147.360597022,False
371,37271,True,1.345129229,103.817960553,1.345139807,103.817970965,0120.70839N,10349.07826E,2.510507637,151.109791673,False
372,37272,True,1.345119310,103.817966825,1.345118822,103.817981107,0120.70713N,10349.07887E,2.620287502,156.512095168,False
373,37273,True,1.345109391,103.817973096,1.345114765,103.817986282,0120.70689N,10349.07918E,2.702272129,149.488430738,False
374,37274,True,1.345099472,103.817979367,1.345108641,103.818006093,0120.70652N,10349.08037E,2.493931889,147.245603610,False
375,37275,True,1.345089554,103.817985639,1.345096245,103.818004475,0120.70577N,10349.08027E,2.535115324,154.797911298,False
376,37276,True,1.345079635,103.817991910,1.345075528,103.818005755,0120.70453N,10349.08035E,2.340869860,148.624815879,False
377,37277,True,1.345069716,103.817998182,1.345066789,103.818012537,0120.70401N,10349.08075E,2.471180930,141.652634243,False
378,37278,True,1.345059798,103.818004453,1.345059158,103.818009426,0120.70355N,10349.08057E,2.845072690,152.237806649,False
379,37279,True,1.345049879,103.818010724,1.345054723,103.818023770,0120.70328N,10349.08143E,2.760981660,149.969376412,False
380,37280,True,1.345039960,103.818016996,1.345040065,103.818046640,0120.70240N,10349.08280E,2.356897208,148.211732239,False
381,37281,True,1.345030041,103.818023267,1.345040796,103.818046072,0120.70245N,10349.08276E,2.748453704,137.942318880,False
382,37282,True,1.345020123,103.818029539,1.345032976,103.818051196,0120.70198N,10349.08307E,2.688061538,146.254776709,False
383,37283,True,1.345010204,103.818035810,1.345020881,103.818043782,0120.70125N,10349.08263E,2.708426694,149.349200593,False
384,37284,True,1.345000285,103.818042081,1.345006263,103.818053047,0120.70038N,10349.08318E,2.503481862,142.565632986,False
385,37285,True,1.344990367,103.818048353,1.345006004,103.818048974,0120.70036N,10349.08294E,2.494044260,149.639882861,False
386,37286,True,1.344980448,103.818054624,1.344997240,103.818064475,0120.69983N,10349.08387E,2.703109886,165.330006083,False
387,37287,True,1.344970529,103.818060896,1.344972301,103.818068212,0120.69834N,10349.08409E,2.724234385,157.446255587,False
388,37288,True,1.344960611,103.818067167,1.344976869,103.818084920,0120.69861N,10349.08510E,3.003104202,146.445730103,False
389,37289,True,1.344950692,103.818073439,1.344963228,103.818072699,0120.69779N,10349.08436E,2.998693048,141.954595369,False
390,37290,True,1.344940773,103.818079710,1.344960022,103.818093982,0120.69760N,10349.08564E,2.436230940,151.612178321,False
391,37291,True,1.344930854,103.818085981,1.344957317,103.818091291,0120.69744N,10349.08548E,2.351803042,140.638186667,False
392,37292,True,1.344920936,103.818092253,1.344956585,103.818096402,0120.69740N,10349.08578E,2.672490021,144.207647567,False
393,37293,True,1.344911017,103.818098524,1.344925154,103.818103055,0120.69551N,10349.08618E,2.582653830,142.882269229,False
394,37294,True,1.344901098,103.818104796,1.344928089,103.818105747,0120.69569N,10349.08634E,2.061202382,146.010223316,False
395,37295,True,1.344891180,103.818111067,1.344918105,103.818120501,0120.69509N,10349.08723E,2.558718513,147.509196448,False
396,37296,True,1.344881261,103.818117338,1.344891314,103.818119376,0120.69348N,10349.08716E,2.430286779,141.636468567,False
397,37297,True,1.344871342,103.818123610,1.344890798,103.818131374,0120.69345N,10349.08788E,2.427953760,147.484957258,False
398,37298,True,1.344861424,103.818129881,1.344866818,103.818135652,0120.69201N,10349.08814E,2.408362208,150.400705259,False
399,37299,True,1.344851505,103.818136153,1.344866731,103.818151156,0120.69200N,10349.08907E,2.915276382,145.506429435,False
400,37300,True,1.344841586,103.818142424,1.344856517,103.818152069,0120.69139N,10349.08912E,2.288125082,143.613707980,False
401,37301,True,1.344831667,103.818148695,1.344838152,103.818156406,0120.69029N,10349.08938E,2.581870530,137.557974948,False
402,37302,True,1.344821749,103.818154967,1.344827782,103.818168129,0120.68967N,10349.09009E,2.555706315,147.180263659,False
403,37303,True,1.344811830,103.818161238,1.344821515,103.818158628,0120.68929N,10349.08952E,2.247539001,144.630730512,False
404,37304,True,1.344801911,103.818167510,1.344827337,103.818176518,0120.68964N,10349.09059E,2.536610862,151.636173989,False
405,37305,True,1.344791993,103.818173781,1.344798473,103.818174169,0120.68791N,10349.09045E,2.573064338,150.838085746,False
406,37306,True,1.344782074,103.818180052,1.344812926,103.818173384,0120.68878N,10349.09040E,2.780367123,148.770597305,False
407,37307,True,1.344772155,103.818186324,1.344791203,103.818171878,0120.68747N,10349.09031E,2.864799054,147.339358731,False
408,37308,True,1.344762237,103.818192595,1.344786458,103.818188721,0120.68719N,10349.09132E,2.810186240,145.108935148,False
409,37309,True,1.344752318,103.818198867,1.344767296,103.818197877,0120.68604N,10349.09187E,2.500862610,147.513076720,False
410,37310,True,1.344742399,103.818205138,1.344748006,103.818213725,0120.68488N,10349.09282E,2.765055662,158.144966256,False
411,37311,True,1.344732480,103.818211409,1.344738667,103.818223407,0120.68432N,10349.09340E,2.198009941,150.980622310,False
412,37312,True,1.344722562,103.818217681,1.344730186,103.818221021,0120.68381N,10349.09326E,2.670249026,139.228328877,False
413,37313,True,1.344712643,103.818223952,1.344716544,103.818235157,0120.68299N,10349.09411E,2.776746247,151.901147115,False
414,37314,True,1.344702724,103.818230224,1.344710399,103.818236550,0120.68262N,10349.09419E,2.632391478,159.612058073,False
415,37315,True,1.344692806,103.818236495,1.344702783,103.818242150,0120.68217N,10349.09453E,2.628829665,148.490787482,False
416,37316,True,1.344682887,103.818242767,1.344695312,103.818262597,0120.68172N,10349.09576E,2.285565585,150.640130976,False
417,37317,True,1.344672968,103.818249038,1.344689527,103.818261144,0120.68137N,10349.09567E,2.511591719,146.835244690,False
418,37318,True,1.344663050,103.818255309,1.344674043,103.818268158,0120.68044N,10349.09609E,2.649164283,141.354985404,False
419,37319,True,1.344653131,103.818261581,1.344665611,103.818266272,0120.67994N,10349.09598E,2.790567286,148.141020526,False
420,37320,True,1.344643212,103.818267852,1.344647608,103.818270578,0120.67886N,10349.09623E,2.634194353,144.134312360,False
421,37321,True,1.344633293,103.818274124,1.344651681,103.818283426,0120.67910N,10349.09701E,2.844852165,151.606039734,False
422,37322,True,1.344623375,103.818280395,1.344636472,103.818274866,0120.67819N,10349.09649E,2.404296247,143.450297254,False
423,37323,True,1.344613456,103.818286666,1.344622935,103.818301391,0120.67738N,10349.09808E,2.623816281,145.219226508,False
424,37324,True,1.344603537,103.818292938,1.344627608,103.818292283,0120.67766N,10349.09754E,2.385090609,155.003729491,False
425,37325,True,1.344593619,103.818299209,1.344600825,103.818291761,0120.67605N,10349.09751E,2.540713237,144.267129123,False
426,37326,True,1.344583700,103.818305481,1.344608896,103.818313775,0120.67653N,10349.09883E,2.390049264,154.400282309,False
427,37327,True,1.344573781,103.818311752,1.344580557,103.818299785,0120.67483N,10349.09799E,2.498265445,154.970166020,False
428,37328,True,1.344563862,103.818318023,1.344591551,103.818293260,0120.67549N,10349.09760E,2.585032919,148.719467877,False
429,37329,True,1.344553944,103.818324295,1.344572436,103.818299068,0120.67435N,10349.09794E,2.803908377,149.480370757,False
430,37330,True,1.344544025,103.818330566,1.344567571,103.818310002,0120.67405N,10349.09860E,2.460657976,148.569724816,False
431,37331,True,1.344534106,103.818336838,1.344576528,103.818331210,0120.67459N,10349.09987E,2.616903074,151.663185546,False
432,37332,True,1.344524188,103.818343109,1.344551080,103.818327869,0120.67306N,10349.09967E,2.781755646,149.896363244,False
433,37333,True,1.344514269,103.818349380,1.344532671,103.818329412,0120.67196N,10349.09976E,2.573330742,158.023658439,False
434,37334,True,1.344504350,103.818355652,1.344528651,103.818360323,0120.67172N,10349.10162E,2.841513742,148.745404364,False
435,37335,True,1.344494432,103.818361923,1.344497647,103.818361193,0120.66986N,10349.10167E,2.467564182,145.483380165,False
436,37336,True,1.344484513,103.818368195,1.344496088,103.818363903,0120.66977N,10349.10183E,2.501755003,150.013053518,False
437,37337,True,1.344474594,103.818374466,1.344493218,103.818389463,0120.66959N,10349.10337E,2.579466516,144.243509690,False
438,37338,True,1.344464675,103.818380737,1.344488647,103.818383901,0120.66932N,10349.10303E,2.732565116,99.404896047,False
439,37339,True,1.344463678,103.818394113,1.344462513,103.818396687,0120.66775N,10349.10380E,2.344461345,82.818982685,False
440,37340,True,1.344465611,103.818405635,1.344463003,103.818423495,0120.66778N,10349.10541E,2.615251387,74.927449940,False
441,37341,True,1.344467544,103.818417157,1.344476839,103.818424996,0120.66861N,10349.10550E,2.441601666,80.130586726,False
442,37342,True,1.344469476,103.818428680,1.344485195,103.818431365,0120.66911N,10349.10588E,2.398799488,87.655152115,False
443,37343,True,1.344471409,103.818440202,1.344489633,103.818446017,0120.66938N,10349.10676E,2.726391869,79.413511293,False
444,37344,True,1.344473342,103.818451724,1.344489710,103.818462441,0120.66938N,10349.10775E,2.691767820,76.780058386,False
445,37345,True,1.344475275,103.818463247,1.344495988,103.818478611,0120.66976N,10349.10872E,2.545725934,80.200496280,False
446,37346,True,1.344477208,103.818474769,1.344479651,103.818479021,0120.66878N,10349.10874E,2.686006915,75.520654975,False
447,37347,True,1.344479140,103.818486291,1.344486282,103.818498604,0120.66918N,10349.10992E,3.209490815,72.735191788,False
448,37348,True,1.344481073,103.818497814,1.344483828,103.818510105,0120.66903N,10349.11061E,2.465182756,81.587374190,False
449,37349,True,1.344483006,103.818509336,1.344479669,103.818507985,0120.66878N,10349.11048E,2.269488452,81.947166041,False
450,37350,True,1.344484939,103.818520858,1.344483293,103.818523291,0120.66900N,10349.11140E,2.268608585,73.551780307,False
451,37351,True,1.344486872,103.818532381,1.344484463,103.818547091,0120.66907N,10349.11283E,2.350107624,86.171615922,False
452,37352,True,1.344488804,103.818543903,1.344495650,103.818541840,0120.66974N,10349.11251E,2.534591741,84.759375075,False
453,37353,True,1.344490737,103.818555426,1.344491807,103.818539230,0120.66951N,10349.11235E,2.742748136,85.370467253,False
454,37354,True,1.344492670,103.818566948,1.344479000,103.818550709,0120.66874N,10349.11304E,2.485857096,76.133567282,False
455,37355,True,1.344494603,103.818578470,1.344499714,103.818570288,0120.66998N,10349.11422E,2.605716105,74.177486820,False
456,37356,True,1.344496536,103.818589993,1.344503934,103.818586079,0120.67024N,10349.11516E,2.197569560,78.998142087,False
457,37357,True,1.344498469,103.818601515,1.344509058,103.818581219,0120.67054N,10349.11487E,2.491818672,87.762131340,False
458,37358,True,1.344500401,103.818613037,1.344514481,103.818628642,0120.67087N,10349.11772E,2.530783417,75.683928742,False
459,37359,True,1.344502334,103.818624560,1.344509080,103.818627895,0120.67054N,10349.11767E,2.476337180,77.865302731,False
460,37360,True,1.344504267,103.818636082,1.344508407,103.818640800,0120.67050N,10349.11845E,2.594583017,87.392635088,False
461,37361,True,1.344506200,103.818647604,1.344508418,103.818633414,0120.67051N,10349.11800E,2.461941664,73.997787202,False
462,37362,True,1.344508133,103.818659127,1.344514564,103.818650504,0120.67087N,10349.11903E,2.472311366,88.163637173,False
463,37363,True,1.344510065,103.818670649,1.344510798,103.818667988,0120.67065N,10349.12008E,2.375512526,86.317665156,False
464,37364,True,1.344511998,103.818682171,1.344505641,103.818679449,0120.67034N,10349.12077E,2.482336225,83.514413445,False
465,37365,True,1.344513931,103.818693694,1.344514191,103.818687570,0120.67085N,10349.12125E,2.535505754,83.420799851,False
466,37366,True,1.344515864,103.818705216,1.344515553,103.818699414,0120.67093N,10349.12196E,2.467135204,83.356978076,False
467,37367,True,1.344517797,103.818716739,1.344516171,103.818708524,0120.67097N,10349.12251E,2.779211297,80.032886628,False
468,37368,True,1.344519729,103.818728261,1.344529105,103.818717300,0120.67175N,10349.12304E,2.636410500,80.603382287,False
469,37369,True,1.344521662,103.818739783,1.344531384,103.818728172,0120.67188N,10349.12369E,2.507108942,83.528117985,False
470,37370,True,1.344523595,103.818751306,1.344517118,103.818741708,0120.67103N,10349.12450E,2.704222463,74.265183222,False
471,37371,True,1.344525528,103.818762828,1.344533480,103.818757306,0120.67201N,10349.12544E,2.773314396,85.638734740,False
472,37372,True,1.344527461,103.818774350,1.344544974,103.818772505,0120.67270N,10349.12635E,2.120947545,74.630465472,False
473,37373,True,1.344529393,103.818785873,1.344528661,103.818780711,0120.67172N,10349.12684E,2.314859082,80.156930393,False
474,37374,True,1.344531326,103.818797395,1.344547123,103.818783114,0120.67283N,10349.12699E,2.612311428,67.227167487,False
475,37375,True,1.344533259,103.818808917,1.344534872,103.818781397,0120.67209N,10349.12688E,2.281729802,80.329486828,False
476,37376,True,1.344535192,103.818820440,1.344538132,103.818812330,0120.67229N,10349.12874E,2.515953468,82.204338665,False
477,37377,True,1.344537125,103.818831962,1.344533080,103.818821701,0120.67198N,10349.12930E,2.315333720,85.157821246,False
478,37378,True,1.344539057,103.818843484,1.344524952,103.818848411,0120.67150N,10349.13090E,2.557507687,73.916776539,False
479,37379,True,1.344540990,103.818855007,1.344547951,103.818855947,0120.67288N,10349.13136E,2.312828926,83.884165467,False
480,37380,True,1.344542923,103.818866529,1.344540442,103.818870868,0120.67243N,10349.13225E,2.432115152,87.585084294,False
481,37381,True,1.344544856,103.818878051,1.344541962,103.818881473,0120.67252N,10349.13289E,2.132539634,77.554755436,False
482,37382,True,1.344546789,103.818889574,1.344556846,103.818891375,0120.67341N,10349.13348E,2.438180206,74.670831425,False
483,37383,True,1.344548721,103.818901096,1.344555014,103.818891584,0120.67330N,10349.13350E,2.300760993,78.151761765,False
484,37384,True,1.344550654,103.818912619,1.344548574,103.818927910,0120.67291N,10349.13567E,2.516914247,80.458510101,False
485,37385,True,1.344552587,103.818924141,1.344553243,103.818928716,0120.67319N,10349.13572E,2.653254813,81.544823751,False
486,37386,True,1.344554520,103.818935663,1.344562271,103.818939923,0120.67374N,10349.13640E,2.292565375,79.355379061,False
487,37387,True,1.344556453,103.818947186,1.344569442,103.818948627,0120.67417N,10349.13692E,2.590747790,80.020812672,False
488,37388,True,1.344558385,103.818958708,1.344557174,103.818968114,0120.67343N,10349.13809E,2.436701669,87.160819133,False
489,37389,True,1.344560318,103.818970230,1.344566446,103.818982750,0120.67399N,10349.13897E,2.776992217,80.204230223,False
490,37390,True,1.344562251,103.818981753,1.344568142,103.818984749,0120.67409N,10349.13908E,2.465590884,77.477486821,False
491,37391,True,1.344564184,103.818993275,1.344573326,103.818996780,0120.67440N,10349.13981E,2.655761908,83.589764575,False
492,37392,True,1.344566117,103.819004797,1.344566621,103.818995191,0120.67400N,10349.13971E,2.721187728,78.963846874,False
493,37393,True,1.344568049,103.819016320,1.344583326,103.819030602,0120.67500N,10349.14184E,2.424649541,80.521034764,False
494,37394,True,1.344569982,103.819027842,1.344576616,103.819035695,0120.67460N,10349.14214E,2.531160771,86.081524530,False
495,37395,True,1.344571915,103.819039364,1.344592145,103.819049827,0120.67553N,10349.14299E,2.497327786,82.738652093,False
496,37396,True,1.344573848,103.819050887,1.344586578,103.819056792,0120.67519N,10349.14341E,2.405278567,77.033260444,False
497,37397,True,1.344575781,103.819062409,1.344597690,103.819065213,0120.67586N,10349.14391E,2.294689372,82.463351862,False
498,37398,True,1.344577713,103.819073932,1.344600746,103.819073765,0120.67604N,10349.14443E,2.700324426,72.602453960,False
499,37399,True,1.344579646,103.819085454,1.344601447,103.819073549,0120.67609N,10349.14441E,2.430998724,79.289810653,False
500,37400,True,1.344581579,103.819096976,1.344599424,103.819102467,0120.67597N,10349.14615E,2.350014113,83.544501537,False
501,37401,True,1.344583512,103.819108499,1.344597390,103.819104430,0120.67584N,10349.14627E,2.555716950,80.160090689,False
502,37402,True,1.344585445,103.819120021,1.344597119,103.819131961,0120.67583N,10349.14792E,2.697958863,84.506253983,False
503,37403,True,1.344587377,103.819131543,1.344597025,103.819121332,0120.67582N,10349.14728E,2.366488472,74.939020158,False
504,37404,True,1.344589310,103.819143066,1.344589771,103.819157750,0120.67539N,10349.14946E,2.470491401,80.493303731,False
505,37405,True,1.344591243,103.819154588,1.344596050,103.819160425,0120.67576N,10349.14963E,2.427868072,84.038646809,False
506,37406,True,1.344593176,103.819166110,1.344602686,103.819184396,0120.67616N,10349.15106E,2.374696864,76.389990417,False
507,37407,True,1.344595109,103.819177633,1.344601388,103.819194857,0120.67608N,10349.15169E,2.219351165,81.721407552,False
508,37408,True,1.344597041,103.819189155,1.344594634,103.819193694,0120.67568N,10349.15162E,2.713074301,85.822149968,False
509,37409,True,1.344598974,103.819200677,1.344589103,103.819208062,0120.67535N,10349.15248E,2.664468377,76.820951014,False
510,37410,True,1.344600907,103.819212200,1.344592185,103.819223313,0120.67553N,10349.15340E,2.626654782,74.550192908,False
511,37411,True,1.344602840,103.819223722,1.344603640,103.819234527,0120.67622N,10349.15407E,2.563046025,81.786575126,False
512,37412,True,1.344604773,103.819235245,1.344590592,103.819248136,0120.67544N,10349.15489E,2.407832320,78.299823525,False
513,37413,True,1.344606705,103.819246767,1.344603200,103.819255734,0120.67619N,10349.15534E,2.512316281,80.863590056,False
514,37414,True,1.344608638,103.819258289,1.344618141,103.819268305,0120.67709N,10349.15610E,2.316338411,73.375295816,False
515,37415,True,1.344610571,103.819269812,1.344613887,103.819283052,0120.67683N,10349.15698E,2.335724303,82.681844305,False
516,37416,True,1.344612504,103.819281334,1.344595205,103.819301612,0120.67571N,10349.15810E,2.078377337,76.838387688,False
517,37417,True,1.344614437,103.819292856,1.344606533,103.819302146,0120.67639N,10349.15813E,2.727245774,81.035655337,False
518,37418,True,1.344616369,103.819304379,1.344608331,103.819310794,0120.67650N,10349.15865E,2.377444328,76.743898566,False
519,37419,True,1.344618302,103.819315901,1.344603657,103.819322877,0120.67622N,10349.15937E,2.203053968,84.880458196,False
520,37420,True,1.344620235,103.819327423,1.344625560,103.819340302,0120.67753N,10349.16042E,2.661941124,76.952497069,False
521,37421,True,1.344622168,103.819338946,1.344614724,103.819358603,0120.67688N,10349.16152E,2.789460286,77.997123709,False
522,37422,True,1.344624101,103.819350468,1.344615122,103.819385099,0120.67691N,10349.16311E,2.580824592,84.617643491,False
523,37423,True,1.344626033,103.819361990,1.344626442,103.819388584,0120.67759N,10349.16332E,2.657607127,79.571080966,False
524,37424,True,1.344627966,103.819373513,1.344625311,103.819391297,0120.67752N,10349.16348E,2.322515687,85.966553747,False
525,37425,True,1.344629899,103.819385035,1.344614555,103.819404597,0120.67687N,10349.16428E,2.578685505,81.702525741,False
526,37426,True,1.344631832,103.819396558,1.344635891,103.819417342,0120.67815N,10349.16504E,2.582853907,72.381873661,False
527,37427,True,1.344633765,103.819408080,1.344636537,103.819420888,0120.67819N,10349.16525E,2.295792308,81.150062065,False
528,37428,True,1.344635697,103.819419602,1.344630400,103.819439658,0120.67782N,10349.16638E,2.688544881,70.527203129,False
529,37429,True,1.344637630,103.819431125,1.344636837,103.819459200,0120.67821N,10349.16755E,2.587739240,85.227164376,False
530,37430,True,1.344639563,103.819442647,1.344631448,103.819468058,0120.67789N,10349.16808E,2.733313994,80.283976036,False
531,37431,True,1.344641496,103.819454169,1.344646811,103.819473092,0120.67881N,10349.16839E,3.314491684,130.623947552,False
532,37432,True,1.344632411,103.819466659,1.344620742,103.819473950,0120.67724N,10349.16844E,2.432683368,148.444285745,False
533,37433,True,1.344622203,103.819472454,1.344616131,103.819484906,0120.67697N,10349.16909E,2.576814442,151.223613855,False
534,37434,True,1.344611996,103.819478250,1.344603230,103.819493696,0120.67619N,10349.16962E,2.323200191,150.766166974,False
535,37435,True,1.344601788,103.819484046,1.344594070,103.819490354,0120.67564N,10349.16942E,2.638461617,147.123344394,False
536,37436,True,1.344591580,103.819489841,1.344578753,103.819509713,0120.67473N,10349.17058E,2.485231614,156.384113752,False
537,37437,True,1.344581372,103.819495637,1.344588011,103.819520331,0120.67528N,10349.17122E,2.165818158,154.812864845,False
538,37438,True,1.344571165,103.819501432,1.344580546,103.819527860,0120.67483N,10349.17167E,2.383651046,150.551905368,False
539,37439,True,1.344560957,103.819507228,1.344545687,103.819542984,0120.67274N,10349.17258E,2.439853447,145.319149702,False
540,37440,True,1.344550749,103.819513023,1.344558495,103.819530693,0120.67351N,10349.17184E,2.772182364,144.371497715,False
541,37441,True,1.344540542,103.819518819,1.344542683,103.819543863,0120.67256N,10349.17263E,2.646874959,151.397028295,False
542,37442,True,1.344530334,103.819524614,1.344527068,103.819553473,0120.67162N,10349.17321E,2.525495143,147.434475634,False
543,37443,True,1.344520126,103.819530410,1.344529493,103.819554396,0120.67177N,10349.17326E,2.363859355,148.364646875,False
544,37444,True,1.344509918,103.819536205,1.344503094,103.819549892,0120.67019N,10349.17299E,2.487741439,151.586482028,False
545,37445,True,1.344499711,103.819542001,1.344507460,103.819565497,0120.67045N,10349.17393E,2.601323804,150.867824990,False
546,37446,True,1.344489503,103.819547797,1.344475056,103.819570697,0120.66850N,10349.17424E,2.633348910,154.188359561,False
547,37447,True,1.344479295,103.819553592,1.344469059,103.819568772,0120.66814N,10349.17413E,2.304168189,141.208674751,False
548,37448,True,1.344469088,103.819559388,1.344470633,103.819585847,0120.66824N,10349.17515E,3.101695153,146.874563954,False
549,37449,True,1.344458880,103.819565183,1.344437304,103.819581618,0120.66624N,10349.17490E,2.299925274,153.533786807,False
550,37450,True,1.344448672,103.819570979,1.344449129,103.819591922,0120.66695N,10349.17552E,2.359894446,151.155670639,False
551,37451,True,1.344438465,103.819576774,1.344439683,103.819602073,0120.66638N,10349.17612E,2.237926407,145.600820141,False
552,37452,True,1.344428257,103.819582570,1.344424515,103.819606995,0120.66547N,10349.17642E,2.865649368,155.190988835,False
553,37453,True,1.344418049,103.819588365,1.344391132,103.819611735,0120.66347N,10349.17670E,2.110511261,151.786102891,False
554,37454,True,1.344407841,103.819594161,1.344395130,103.819615378,0120.66371N,10349.17692E,2.517631745,153.515743272,False
555,37455,True,1.344397634,103.819599956,1.344380265,103.819610310,0120.66282N,10349.17662E,2.845818223,149.553396262,False
556,37456,True,1.344387426,103.819605752,1.344384059,103.819621824,0120.66304N,10349.17731E,2.293686991,140.084092486,False
557,37457,True,1.344377218,103.819611548,1.344366831,103.819616332,0120.66201N,10349.17698E,2.583196368,151.097896954,False
558,37458,True,1.344367011,103.819617343,1.344358939,103.819621660,0120.66154N,10349.17730E,2.502707109,152.559751658,False
559,37459,True,1.344356803,103.819623139,1.344351646,103.819637173,0120.66110N,10349.17823E,2.488092762,153.100183031,False
560,37460,True,1.344346595,103.819628934,1.344325275,103.819641094,0120.65952N,10349.17847E,2.612881450,146.643799597,False
561,37461,True,1.344336387,103.819634730,1.344327195,103.819645064,0120.65963N,10349.17870E,2.474719591,146.034378949,False
562,37462,True,1.344326180,103.819640525,1.344323252,103.819662868,0120.65940N,10349.17977E,2.768300375,146.021849020,False
563,37463,True,1.344315972,103.819646321,1.344307518,103.819662921,0120.65845N,10349.17978E,2.565482466,143.563203111,False
564,37464,True,1.344305764,103.819652116,1.344297993,103.819679560,0120.65788N,10349.18077E,2.438488101,141.593956725,False
565,37465,True,1.344295557,103.819657912,1.344292544,103.819665539,0120.65755N,10349.17993E,2.171578920,154.512143042,False
566,37466,True,1.344285349,103.819663707,1.344270625,103.819686894,0120.65624N,10349.18121E,2.357766555,145.029034988,False
567,37467,True,1.344275141,103.819669503,1.344271275,103.819669795,0120.65628N,10349.18019E,2.374587173,147.927753910,False
568,37468,True,1.344264933,103.819675299,1.344262890,103.819682649,0120.65577N,10349.18096E,2.394117923,143.559833995,False
569,37469,True,1.344254726,103.819681094,1.344244401,103.819694437,0120.65466N,10349.18167E,2.228404813,154.234334483,False
570,37470,True,1.344244518,103.819686890,1.344227693,103.819689282,0120.65366N,10349.18136E,2.594244249,148.312918248,False
571,37471,True,1.344234310,103.819692685,1.344220095,103.819709477,0120.65321N,10349.18257E,2.719462590,154.759159696,False
572,37472,True,1.344224103,103.819698481,1.344214163,103.819715591,0120.65285N,10349.18294E,2.314745457,154.835832601,False
573,37473,True,1.344213895,103.819704276,1.344207904,103.819710761,0120.65247N,10349.18265E,2.544376790,153.101770010,False
574,37474,True,1.344203687,103.819710072,1.344193934,103.819730687,0120.65164N,10349.18384E,2.279403118,148.544773598,False
575,37475,True,1.344193480,103.819715867,1.344181460,103.819719776,0120.65089N,10349.18319E,2.500755884,146.717242841,False
576,37476,True,1.344183272,103.819721663,1.344177296,103.819732074,0120.65064N,10349.18392E,2.317001174,147.988348573,False
577,37477,True,1.344173064,103.819727458,1.344167918,103.819725678,0120.65008N,10349.18354E,2.720609533,154.558893887,False
578,37478,True,1.344162856,103.819733254,1.344162089,103.819742141,0120.64973N,10349.18453E,2.271459142,148.429788590,False
579,37479,True,1.344152649,103.819739050,1.344150238,103.819751049,0120.64901N,10349.18506E,2.587404615,159.524963096,False
580,37480,True,1.344142441,103.819744845,1.344152972,103.819755320,0120.64918N,10349.18532E,2.851113920,156.111838544,False
581,37481,True,1.344132233,103.819750641,1.344117525,103.819761446,0120.64705N,10349.18569E,2.402077696,154.539013998,False
582,37482,True,1.344122026,103.819756436,1.344108676,103.819771160,0120.64652N,10349.18627E,2.855476499,148.185332865,False
583,37483,True,1.344111818,103.819762232,1.344093995,103.819763822,0120.64564N,10349.18583E,2.969160019,149.718340019,False
584,37484,True,1.344101610,103.819768027,1.344087074,103.819781740,0120.64522N,10349.18690E,2.720433160,150.476724442,False
585,37485,True,1.344091402,103.819773823,1.344060975,103.819790069,0120.64366N,10349.18740E,2.507094874,148.464786844,False
586,37486,True,1.344081195,103.819779618,1.344057100,103.819799919,0120.64343N,10349.18800E,2.507262979,143.972182542,False
587,37487,True,1.344070987,103.819785414,1.344039959,103.819808621,0120.64240N,10349.18852E,2.435091482,149.164942854,False
588,37488,True,1.344060779,103.819791209,1.344030692,103.819797098,0120.64184N,10349.18783E,2.431305419,147.941507956,False
589,37489,True,1.344050572,103.819797005,1.344021329,103.819821209,0120.64128N,10349.18927E,2.350078652,153.441980055,False
590,37490,True,1.344040364,103.819802801,1.344005101,103.819827223,0120.64031N,10349.18963E,2.575229944,153.990022461,False
591,37491,True,1.344030156,103.819808596,1.343993466,103.819828566,0120.63961N,10349.18971E,2.546739216,152.213183961,False
592,37492,True,1.344019949,103.819814392,1.343983656,103.819835229,0120.63902N,10349.19011E,2.208090079,148.937303180,False
593,37493,True,1.344009741,103.819820187,1.343986300,103.819853835,0120.63918N,10349.19123E,2.631679815,111.289045851,False
594,37494,True,1.344004789,103.819830962,1.343973907,103.819844086,0120.63843N,10349.19065E,2.727984048,107.932214046,False
595,37495,True,1.344000014,103.819841637,1.343982346,103.819860988,0120.63894N,10349.19166E,2.123406342,110.058326878,False
596,37496,True,1.343995239,103.819852311,1.343971353,103.819870160,0120.63828N,10349.19221E,2.746196422,117.318397987,False
597,37497,True,1.343990464,103.819862986,1.343974108,103.819888105,0120.63845N,10349.19329E,2.659765952,114.097067770,False
598,37498,True,1.343985689,103.819873660,1.343960528,103.819886625,0120.63763N,10349.19320E,2.737701179,114.904597307,False
599,37499,True,1.343980914,103.819884335,1.343959024,103.819899851,0120.63754N,10349.19399E,2.648895742,111.078122300,False
600,37500,True,1.343976140,103.819895009,1.343952511,103.819913707,0120.63715N,10349.19482E,2.602737096,103.666480470,False
601,37501,True,1.343971365,103.819905684,1.343951114,103.819924938,0120.63707N,10349.19550E,2.420296722,106.491127011,False
602,37502,True,1.343966590,103.819916358,1.343955345,103.819934781,0120.63732N,10349.19609E,2.321225649,121.678116951,False
603,37503,True,1.343961815,103.819927033,1.343959771,103.819943337,0120.63759N,10349.19660E,2.218688495,112.792380377,False
604,37504,True,1.343957040,103.819937707,1.343944019,103.819951333,0120.63664N,10349.19708E,2.789705259,114.905804940,False
605,37505,True,1.343952265,103.819948382,1.343926390,103.819977475,0120.63558N,10349.19865E,2.585633285,109.384759345,False
606,37506,True,1.343947490,103.819959056,1.343933193,103.819974714,0120.63599N,10349.19848E,2.532786409,116.313421559,False
607,37507,True,1.343942715,103.819969731,1.343938022,103.819997288,0120.63628N,10349.19984E,2.528950034,112.142886227,False
608,37508,True,1.343937941,103.819980405,1.343934478,103.819997844,0120.63607N,10349.19987E,2.303928384,115.748456909,False
609,37509,True,1.343933166,103.819991080,1.343916558,103.820015195,0120.63499N,10349.20091E,2.891094648,114.473557780,False
610,37510,True,1.343928391,103.820001754,1.343912268,103.820033034,0120.63474N,10349.20198E,2.408976135,111.750612662,False
611,37511,True,1.343923616,103.820012429,1.343904507,103.820059568,0120.63427N,10349.20357E,2.669586230,121.512312930,False
612,37512,True,1.343918841,103.820023103,1.343877502,103.820037656,0120.63265N,10349.20226E,2.465413642,108.596062064,False
613,37513,True,1.343914066,103.820033778,1.343891382,103.820052405,0120.63348N,10349.20314E,2.418921180,118.255912874,False
614,37514,True,1.343909291,103.820044452,1.343880020,103.820069605,0120.63280N,10349.20418E,2.344594480,112.457348918,False
615,37515,True,1.343904517,103.820055127,1.343877571,103.820090549,0120.63265N,10349.20543E,2.197839885,109.678349235,False
616,37516,True,1.343899742,103.820065801,1.343879369,103.820087859,0120.63276N,10349.20527E,2.713358017,116.324770606,False
617,37517,True,1.343894967,103.820076476,1.343883356,103.820108396,0120.63300N,10349.20650E,2.675667279,112.447622150,False
618,37518,True,1.343890192,103.820087150,1.343881091,103.820115659,0120.63287N,10349.20694E,2.522231964,116.314916577,False
619,37519,True,1.343885417,103.820097825,1.343873352,103.820119453,0120.63240N,10349.20717E,2.564100322,121.571889738,False
620,37520,True,1.343880642,103.820108499,1.343867893,103.820135583,0120.63207N,10349.20814E,2.491349959,116.257205428,False
621,37521,True,1.343875867,103.820119174,1.343850770,103.820148874,0120.63105N,10349.20893E,2.498609027,123.253126932,False
622,37522,True,1.343871093,103.820129848,1.343839233,103.820166525,0120.63035N,10349.20999E,2.657459439,109.106968526,False
623,37523,True,1.343866318,103.820140523,1.343829415,103.820172277,0120.62976N,10349.21034E,2.536167845,113.326925308,False
624,37524,True,1.343861543,103.820151197,1.343847279,103.820174814,0120.63084N,10349.21049E,2.814987218,110.206145663,False
625,37525,True,1.343856768,103.820161872,1.343833350,103.820180727,0120.63000N,10349.21084E,2.125515119,117.341229612,False
626,37526,True,1.343851993,103.820172546,1.343826693,103.820189134,0120.62960N,10349.21135E,2.467989931,110.915346163,False
627,37527,True,1.343847218,103.820183221,1.343830032,103.820204381,0120.62980N,10349.21226E,2.468221809,114.190195705,False
628,37528,True,1.343842443,103.820193895,1.343813377,103.820209597,0120.62880N,10349.21258E,2.447585756,128.827414301,False
629,37529,True,1.343837668,103.820204570,1.343810784,103.820229105,0120.62865N,10349.21375E,2.338233989,113.416555678,False
630,37530,True,1.343832894,103.820215244,1.343798100,103.820245982,0120.62789N,10349.21476E,1.795439926,44.907112568,False
631,37531,True,1.343839762,103.820220711,1.343814288,103.820235012,0120.62886N,10349.21410E,2.371679995,341.630700604,False
632,37532,True,1.343850834,103.820216783,1.343817477,103.820245252,0120.62905N,10349.21472E,2.479322295,341.138599870,False
633,37533,True,1.343861906,103.820212854,1.343834723,103.820233505,0120.63008N,10349.21401E,2.201937635,336.889479919,False
634,37534,True,1.343872978,103.820208925,1.343841207,103.820236660,0120.63047N,10349.21420E,2.547123122,329.364302839,False
635,37535,True,1.343884050,103.820204996,1.343869275,103.820224818,0120.63216N,10349.21349E,2.880189115,342.346050040,False
636,37536,True,1.343895122,103.820201067,1.343875145,103.820215612,0120.63251N,10349.21294E,2.498713214,342.603721965,False
637,37537,True,1.343906193,103.820197138,1.343874299,103.820212541,0120.63246N,10349.21275E,2.799680816,343.208507276,False
638,37538,True,1.343917265,103.820193209,1.343903193,103.820203996,0120.63419N,10349.21224E,2.676595851,334.197621949,False
639,37539,True,1.343928337,103.820189281,1.343905629,103.820197517,0120.63434N,10349.21185E,2.731855464,338.544129940,False
640,37540,True,1.343939409,103.820185352,1.343924939,103.820204253,0120.63550N,10349.21226E,2.833782702,339.904796670,False
641,37541,True,1.343950481,103.820181423,1.343942059,103.820198675,0120.63652N,10349.21192E,2.563613527,338.321260949,False
642,37542,True,1.343961552,103.820177494,1.343950002,103.820194391,0120.63700N,10349.21166E,2.686549591,338.541071334,False
643,37543,True,1.343972624,103.820173565,1.343952397,103.820197240,0120.63714N,10349.21183E,2.396722034,347.096496462,False
644,37544,True,1.343983696,103.820169636,1.343957810,103.820177053,0120.63747N,10349.21062E,2.718819284,335.655580849,False
645,37545,True,1.343994768,103.820165708,1.343975997,103.820174725,0120.63856N,10349.21048E,2.310875660,339.688650261,False
646,37546,True,1.344005840,103.820161779,1.343975356,103.820181612,0120.63852N,10349.21090E,2.491638960,337.794982946,False
647,37547,True,1.344016911,103.820157850,1.343992230,103.820166143,0120.63953N,10349.20997E,2.280995062,337.719801368,False
648,37548,True,1.344027983,103.820153921,1.344008206,103.820165130,0120.64049N,10349.20991E,2.713019794,344.948959627,False
649,37549,True,1.344039055,103.820149992,1.344016651,103.820159249,0120.64100N,10349.20955E,2.472835500,335.857940086,False
650,37550,True,1.344050127,103.820146063,1.344020699,103.820160237,0120.64124N,10349.20961E,2.549564976,340.830548199,False
651,37551,True,1.344061199,103.820142135,1.344046152,103.820146703,0120.64277N,10349.20880E,2.641940122,338.764089848,False
652,37552,True,1.344072271,103.820138206,1.344051961,103.820143592,0120.64312N,10349.20862E,2.634225324,339.475412300,False
653,37553,True,1.344083342,103.820134277,1.344067552,103.820133148,0120.64405N,10349.20799E,2.422025044,334.221549930,False
654,37554,True,1.344094414,103.820130348,1.344077494,103.820128016,0120.64465N,10349.20768E,2.587473606,335.464793276,False
655,37555,True,1.344105486,103.820126419,1.344086672,103.820138422,0120.64520N,10349.20831E,2.838694079,345.807722976,False
656,37556,True,1.344116558,103.820122490,1.344098824,103.820126652,0120.64593N,10349.20760E,2.290156884,346.855643809,False
657,37557,True,1.344127630,103.820118561,1.344117114,103.820114169,0120.64703N,10349.20685E,2.677342192,343.822199967,False
658,37558,True,1.344138701,103.820114633,1.344117302,103.820113412,0120.64704N,10349.20680E,2.913026764,338.801163482,False
659,37559,True,1.344149773,103.820110704,1.344132166,103.820112332,0120.64793N,10349.20674E,2.419393003,338.637657797,False
660,37560,True,1.344160845,103.820106775,1.344136422,103.820113244,0120.64819N,10349.20679E,2.598773727,337.418193470,False
661,37561,True,1.344171917,103.820102846,1.344162088,103.820107118,0120.64973N,10349.20643E,2.667165422,338.800759709,False
662,37562,True,1.344182989,103.820098917,1.344173744,103.820104193,0120.65042N,10349.20625E,2.567280339,341.644979586,False
663,37563,True,1.344194060,103.820094988,1.344185151,103.820096474,0120.65111N,10349.20579E,2.805382372,344.272343107,False
664,37564,True,1.344205132,103.820091060,1.344182497,103.820087971,0120.65095N,10349.20528E,2.409030011,241.686471598,False
665,37565,True,1.344199492,103.820082378,1.344187711,103.820067018,0120.65126N,10349.20402E,2.674200559,226.597102653,False
666,37566,True,1.344190460,103.820074900,1.344168155,103.820062306,0120.65009N,10349.20374E,2.311048206,217.239407355,False
667,37567,True,1.344181428,103.820067422,1.344166491,103.820054885,0120.64999N,10349.20329E,2.528433661,229.501189211,False
668,37568,True,1.344172397,103.820059943,1.344156211,103.820041749,0120.64937N,10349.20250E,2.305091787,214.770888385,False
669,37569,True,1.344163365,103.820052465,1.344143280,103.820046374,0120.64860N,10349.20278E,2.690377154,222.897897553,False
670,37570,True,1.344154333,103.820044987,1.344130458,103.820013389,0120.64783N,10349.20080E,2.615088943,220.208339962,False
671,37571,True,1.344145301,103.820037509,1.344118078,103.820010175,0120.64708N,10349.20061E,2.472513158,212.260000231,False
672,37572,True,1.344136270,103.820030031,1.344121067,103.819998830,0120.64726N,10349.19993E,2.147117120,222.417719461,False
673,37573,True,1.344127238,103.820022552,1.344109094,103.819989713,0120.64655N,10349.19938E,2.815992442,220.051490291,False
674,37574,True,1.344118206,103.820015074,1.344098400,103.819983303,0120.64590N,10349.19900E,2.701676285,218.127174898,False
675,37575,True,1.344109174,103.820007596,1.344085894,103.819970448,0120.64515N,10349.19823E,2.033057603,225.135571606,False
676,37576,True,1.344100142,103.820000118,1.344096643,103.819970721,0120.64580N,10349.19824E,0.695405386,70.347977278,False
677,37577,True,1.344100000,103.820000000,1.344083670,103.819962399,0120.64502N,10349.19774E,0.316566849,135.595953732,False
678,37578,True,1.344100000,103.820000000,1.344082017,103.819969526,0120.64492N,10349.19817E,0.116646669,44.796076938,False
679,37579,True,1.344100000,103.820000000,1.344073811,103.819969385,0120.64443N,10349.19816E,0.070977021,284.392682158,False
680,37580,True,1.344100000,103.820000000,1.344077473,103.819965317,0120.64465N,10349.19792E,0.305080118,276.186880057,False
681,37581,True,1.344100000,103.820000000,1.344069382,103.819962865,0120.64416N,10349.19777E,0.372372078,69.108749203,False
682,37582,True,1.344100000,103.820000000,1.344072970,103.819968680,0120.64438N,10349.19812E,0.239509692,162.401368786,False
683,37583,True,1.344100000,103.820000000,1.344079445,103.819961292,0120.64477N,10349.19768E,0.312365711,194.396213516,False
684,37584,True,1.344100000,103.820000000,1.344068464,103.819975805,0120.64411N,10349.19855E,0.199141060,288.652170007,False
685,37585,True,1.344100000,103.820000000,1.344069367,103.819981978,0120.64416N,10349.19892E,0.540933817,181.619599315,False
686,37586,True,1.344100000,103.820000000,1.344075818,103.819963054,0120.64455N,10349.19778E,0.141063396,156.521719169,False
687,37587,True,1.344100000,103.820000000,1.344086430,103.819971307,0120.64519N,10349.19828E,0.427545005,240.515138463,False
688,37588,True,1.344100000,103.820000000,1.344072960,103.819972220,0120.64438N,10349.19833E,0.272009674,44.014535815,False
689,37589,True,1.344100000,103.820000000,1.344079649,103.819978837,0120.64478N,10349.19873E,0.383677856,153.829259366,False
690,37590,True,1.344100000,103.820000000,1.344071018,103.819993350,0120.64426N,10349.19960E,0.353034992,255.402949678,False
691,37591,True,1.344100000,103.820000000,1.344069074,103.819988434,0120.64414N,10349.19931E,0.363439550,81.919943017,False
692,37592,True,1.344100000,103.820000000,1.344076278,103.819970563,0120.64458N,10349.19823E,0.179220407,109.436047846,False
693,37593,True,1.344100000,103.820000000,1.344078764,103.819991723,0120.64473N,10349.19950E,0.220721285,220.831386683,False
694,37594,True,1.344100000,103.820000000,1.344079843,103.819987422,0120.64479N,10349.19925E,0.154160491,47.554873452,False
695,37595,True,1.344100000,103.820000000,1.344078288,103.819993837,0120.64470N,10349.19963E,0.234111842,232.782293509,False
696,37596,True,1.344100000,103.820000000,1.344081209,103.819986803,0120.64487N,10349.19921E,0.318546485,27.319548984,False
697,37597,True,1.344100000,103.820000000,1.344081218,103.819968930,0120.64487N,10349.19814E,0.252945034,150.713793722,False
698,37598,True,1.344100000,103.820000000,1.344077072,103.819979261,0120.64462N,10349.19876E,0.089311722,44.753227692,False
699,37599,True,1.344100000,103.820000000,1.344077623,103.819971164,0120.64466N,10349.19827E,0.441546784,328.817594201,False
700,37600,True,1.344100000,103.820000000,1.344080868,103.819970715,0120.64485N,10349.19824E,0.471546765,266.946091197,False
701,37601,True,1.344100000,103.820000000,1.344080182,103.819972233,0120.64481N,10349.19833E,0.245773780,80.308559439,False
